RunTime,ExecutableName
2024-05-04 21:27:56,\VOLUME{01da9e5f51048727-8c5142ea}\WINDOWS\SOFTWAREDISTRIBUTION\DOWNLOAD\INSTALL\AM_BASE.EXE
2024-05-04 21:28:04,\VOLUME{01da9e5f51048727-8c5142ea}\WINDOWS\SOFTWAREDISTRIBUTION\DOWNLOAD\INSTALL\AM_DELTA.EXE
2024-05-04 23:40:03,AM_DELTA_PATCH_1.409.680.0.EX
2024-05-04 21:27:28,\VOLUME{01da9e5f51048727-8c5142ea}\WINDOWS\SOFTWAREDISTRIBUTION\DOWNLOAD\INSTALL\AM_ENGINE.EXE
2024-05-04 22:53:08,\VOLUME{01da9e5f51048727-8c5142ea}\WINDOWS\SYSTEM32\APPLICATIONFRAMEHOST.EXE
2024-05-04 22:37:57,\VOLUME{01da9e5f51048727-8c5142ea}\WINDOWS\SYSTEM32\APPLICATIONFRAMEHOST.EXE
2024-05-04 19:44:41,\VOLUME{01da9e5f51048727-8c5142ea}\WINDOWS\SYSTEM32\APPLICATIONFRAMEHOST.EXE
2024-05-04 19:51:16,ASSISTANT_109.0.5097.45_SETUP
2024-05-04 19:55:46,\VOLUME{01da9e5f51048727-8c5142ea}\USERS\RICK\DOWNLOADS\.OPERA\OPERA INSTALLER TEMP\OPERA_PACKAGE_202405042049081\ASSISTANT\ASSISTANT_INSTALLER.EXE
2024-05-04 19:51:36,\VOLUME{01da9e5f51048727-8c5142ea}\USERS\RICK\DOWNLOADS\.OPERA\OPERA INSTALLER TEMP\OPERA_PACKAGE_202405042049081\ASSISTANT\ASSISTANT_INSTALLER.EXE
2024-05-04 19:55:46,\VOLUME{01da9e5f51048727-8c5142ea}\USERS\RICK\DOWNLOADS\.OPERA\OPERA INSTALLER TEMP\OPERA_PACKAGE_202405042049081\ASSISTANT\ASSISTANT_INSTALLER.EXE
2024-05-04 19:51:44,\VOLUME{01da9e5f51048727-8c5142ea}\USERS\RICK\DOWNLOADS\.OPERA\OPERA INSTALLER TEMP\OPERA_PACKAGE_202405042049081\ASSISTANT\ASSISTANT_INSTALLER.EXE
2024-05-04 19:55:57,\VOLUME{01da9e5f51048727-8c5142ea}\USERS\RICK\APPDATA\LOCAL\PROGRAMS\OPERA\ASSISTANT\ASSISTANT_INSTALLER.EXE
2024-05-04 19:56:06,\VOLUME{01da9e5f51048727-8c5142ea}\USERS\RICK\APPDATA\LOCAL\PROGRAMS\OPERA\ASSISTANT\ASSISTANT_INSTALLER.EXE
2024-05-04 23:53:02,\VOLUME{01da9e5f51048727-8c5142ea}\WINDOWS\SYSTEM32\AUDIODG.EXE
2024-05-04 20:55:34,\VOLUME{01da9e5f51048727-8c5142ea}\WINDOWS\SYSTEM32\AUDIODG.EXE
2024-05-04 20:48:53,\VOLUME{01da9e5f51048727-8c5142ea}\WINDOWS\SYSTEM32\AUDIODG.EXE
2024-05-04 20:36:11,\VOLUME{01da9e5f51048727-8c5142ea}\WINDOWS\SYSTEM32\AUDIODG.EXE
2024-05-04 19:55:57,\VOLUME{01da9e5f51048727-8c5142ea}\WINDOWS\SYSTEM32\AUDIODG.EXE
2024-05-04 19:29:54,\VOLUME{01da9e5f51048727-8c5142ea}\WINDOWS\SYSTEM32\AUDIODG.EXE
2024-05-04 19:01:54,\VOLUME{01da9e5f51048727-8c5142ea}\WINDOWS\SYSTEM32\AUDIODG.EXE
2024-05-04 18:52:12,\VOLUME{01da9e5f51048727-8c5142ea}\WINDOWS\SYSTEM32\AUDIODG.EXE
2024-05-04 19:45:57,\VOLUME{01da9e5f51048727-8c5142ea}\WINDOWS\SYSTEM32\BACKGROUNDTASKHOST.EXE
2024-05-04 23:56:06,\VOLUME{01da9e5f51048727-8c5142ea}\WINDOWS\SYSTEM32\BACKGROUNDTASKHOST.EXE
2024-05-04 21:12:31,\VOLUME{01da9e5f51048727-8c5142ea}\WINDOWS\SYSTEM32\BACKGROUNDTASKHOST.EXE
2024-05-04 20:08:42,\VOLUME{01da9e5f51048727-8c5142ea}\WINDOWS\SYSTEM32\BACKGROUNDTASKHOST.EXE
2024-05-04 19:42:21,\VOLUME{01da9e5f51048727-8c5142ea}\WINDOWS\SYSTEM32\BACKGROUNDTASKHOST.EXE
2024-05-04 19:45:39,\VOLUME{01da9e5f51048727-8c5142ea}\WINDOWS\SYSTEM32\BACKGROUNDTASKHOST.EXE
2024-05-04 19:48:14,\VOLUME{01da9e5f51048727-8c5142ea}\WINDOWS\SYSTEM32\BACKGROUNDTASKHOST.EXE
2024-05-04 23:55:26,\VOLUME{01da9e5f51048727-8c5142ea}\WINDOWS\SYSTEM32\BACKGROUNDTASKHOST.EXE
2024-05-04 23:46:52,\VOLUME{01da9e5f51048727-8c5142ea}\WINDOWS\SYSTEM32\BACKGROUNDTASKHOST.EXE
2024-05-04 23:38:11,\VOLUME{01da9e5f51048727-8c5142ea}\WINDOWS\SYSTEM32\BACKGROUNDTASKHOST.EXE
2024-05-04 23:27:13,\VOLUME{01da9e5f51048727-8c5142ea}\WINDOWS\SYSTEM32\BACKGROUNDTASKHOST.EXE
2024-05-04 23:05:11,\VOLUME{01da9e5f51048727-8c5142ea}\WINDOWS\SYSTEM32\BACKGROUNDTASKHOST.EXE
2024-05-04 22:52:27,\VOLUME{01da9e5f51048727-8c5142ea}\WINDOWS\SYSTEM32\BACKGROUNDTASKHOST.EXE
2024-05-04 22:37:33,\VOLUME{01da9e5f51048727-8c5142ea}\WINDOWS\SYSTEM32\BACKGROUNDTASKHOST.EXE
2024-05-04 22:37:31,\VOLUME{01da9e5f51048727-8c5142ea}\WINDOWS\SYSTEM32\BACKGROUNDTASKHOST.EXE
2024-05-04 23:56:06,\VOLUME{01da9e5f51048727-8c5142ea}\WINDOWS\SYSTEM32\BACKGROUNDTASKHOST.EXE
2024-05-04 21:12:31,\VOLUME{01da9e5f51048727-8c5142ea}\WINDOWS\SYSTEM32\BACKGROUNDTASKHOST.EXE
2024-05-04 20:12:05,\VOLUME{01da9e5f51048727-8c5142ea}\WINDOWS\SYSTEM32\BACKGROUNDTASKHOST.EXE
2024-05-04 19:42:21,\VOLUME{01da9e5f51048727-8c5142ea}\WINDOWS\SYSTEM32\BACKGROUNDTASKHOST.EXE
2024-05-04 19:24:36,\VOLUME{01da9e5f51048727-8c5142ea}\WINDOWS\SYSTEM32\BACKGROUNDTASKHOST.EXE
2024-05-04 19:46:36,\VOLUME{01da9e5f51048727-8c5142ea}\WINDOWS\SYSTEM32\BACKGROUNDTASKHOST.EXE
2024-05-04 22:53:47,\VOLUME{01da9e5f51048727-8c5142ea}\WINDOWS\SYSTEM32\BACKGROUNDTASKHOST.EXE
2024-05-04 19:37:20,\VOLUME{01da9e5f51048727-8c5142ea}\WINDOWS\SYSTEM32\BACKGROUNDTASKHOST.EXE
2024-05-04 19:17:50,\VOLUME{01da9e5f51048727-8c5142ea}\WINDOWS\SYSTEM32\BACKGROUNDTASKHOST.EXE
2024-05-04 19:01:34,\VOLUME{01da9e5f51048727-8c5142ea}\WINDOWS\SYSTEM32\BACKGROUNDTASKHOST.EXE
2024-05-04 18:51:49,\VOLUME{01da9e5f51048727-8c5142ea}\WINDOWS\SYSTEM32\BACKGROUNDTASKHOST.EXE
2024-05-04 19:28:34,\VOLUME{01da9e5f51048727-8c5142ea}\WINDOWS\SYSTEM32\BACKGROUNDTRANSFERHOST.EXE
2024-05-04 20:33:03,\VOLUME{01da9e5f51048727-8c5142ea}\WINDOWS\SYSTEM32\BACKGROUNDTRANSFERHOST.EXE
2024-05-04 20:33:57,\VOLUME{01da9e5f51048727-8c5142ea}\WINDOWS\SYSTEM32\BACKGROUNDTRANSFERHOST.EXE
2024-05-04 20:33:50,\VOLUME{01da9e5f51048727-8c5142ea}\WINDOWS\SYSTEM32\BACKGROUNDTRANSFERHOST.EXE
2024-05-04 20:33:46,\VOLUME{01da9e5f51048727-8c5142ea}\WINDOWS\SYSTEM32\BACKGROUNDTRANSFERHOST.EXE
2024-05-04 20:33:41,\VOLUME{01da9e5f51048727-8c5142ea}\WINDOWS\SYSTEM32\BACKGROUNDTRANSFERHOST.EXE
2024-05-04 20:33:28,\VOLUME{01da9e5f51048727-8c5142ea}\WINDOWS\SYSTEM32\BACKGROUNDTRANSFERHOST.EXE
2024-05-04 19:32:04,\VOLUME{01da9e5f51048727-8c5142ea}\WINDOWS\SYSTEM32\BACKGROUNDTRANSFERHOST.EXE
2024-05-04 19:32:01,\VOLUME{01da9e5f51048727-8c5142ea}\WINDOWS\SYSTEM32\BACKGROUNDTRANSFERHOST.EXE
2024-05-04 19:31:44,\VOLUME{01da9e5f51048727-8c5142ea}\WINDOWS\SYSTEM32\BACKGROUNDTRANSFERHOST.EXE
2024-05-04 23:28:52,\VOLUME{01da9e5f51048727-8c5142ea}\USERS\RICK\APPDATA\LOCAL\PROGRAMS\OPERA\ASSISTANT\BROWSER_ASSISTANT.EXE
2024-05-04 22:49:59,\VOLUME{01da9e5f51048727-8c5142ea}\USERS\RICK\APPDATA\LOCAL\PROGRAMS\OPERA\ASSISTANT\BROWSER_ASSISTANT.EXE
2024-05-04 22:39:26,\VOLUME{01da9e5f51048727-8c5142ea}\USERS\RICK\APPDATA\LOCAL\PROGRAMS\OPERA\ASSISTANT\BROWSER_ASSISTANT.EXE
2024-05-04 19:56:11,\VOLUME{01da9e5f51048727-8c5142ea}\USERS\RICK\APPDATA\LOCAL\PROGRAMS\OPERA\ASSISTANT\BROWSER_ASSISTANT.EXE
2024-05-04 22:50:11,\VOLUME{01da9e5f51048727-8c5142ea}\USERS\RICK\APPDATA\LOCAL\PROGRAMS\OPERA\ASSISTANT\BROWSER_ASSISTANT.EXE
2024-05-04 22:54:22,\VOLUME{01da9e5f51048727-8c5142ea}\WINDOWS\SYSTEMAPPS\MICROSOFT.WINDOWS.APPREP.CHXAPP_CW5N1H2TXYEWY\CHXSMARTSCREEN.EXE
2024-05-04 19:14:11,\VOLUME{01da9e5f51048727-8c5142ea}\WINDOWS\SYSTEM32\CLOUDEXPERIENCEHOSTBROKER.EXE
2024-05-04 22:51:10,\VOLUME{01da9e5f51048727-8c5142ea}\WINDOWS\SYSTEM32\CMD.EXE
2024-05-04 22:51:10,\VOLUME{01da9e5f51048727-8c5142ea}\WINDOWS\SYSTEM32\CMD.EXE
2024-05-04 23:53:51,\VOLUME{01da9e5f51048727-8c5142ea}\WINDOWS\SYSTEM32\COMPATTELRUNNER.EXE
2024-05-04 21:13:43,\VOLUME{01da9e5f51048727-8c5142ea}\WINDOWS\SYSTEM32\COMPPKGSRV.EXE
2024-05-04 21:13:32,\VOLUME{01da9e5f51048727-8c5142ea}\WINDOWS\SYSTEM32\COMPPKGSRV.EXE
2024-05-04 21:13:32,\VOLUME{01da9e5f51048727-8c5142ea}\WINDOWS\SYSTEM32\COMPPKGSRV.EXE
2024-05-04 23:53:51,\VOLUME{01da9e5f51048727-8c5142ea}\WINDOWS\SYSTEM32\CONHOST.EXE
2024-05-04 23:37:15,\VOLUME{01da9e5f51048727-8c5142ea}\WINDOWS\SYSTEM32\CONHOST.EXE
2024-05-04 23:37:11,\VOLUME{01da9e5f51048727-8c5142ea}\WINDOWS\SYSTEM32\CONHOST.EXE
2024-05-04 23:26:31,\VOLUME{01da9e5f51048727-8c5142ea}\WINDOWS\SYSTEM32\CONHOST.EXE
2024-05-04 23:26:29,\VOLUME{01da9e5f51048727-8c5142ea}\WINDOWS\SYSTEM32\CONHOST.EXE
2024-05-04 23:21:50,\VOLUME{01da9e5f51048727-8c5142ea}\WINDOWS\SYSTEM32\CONHOST.EXE
2024-05-04 23:21:45,\VOLUME{01da9e5f51048727-8c5142ea}\WINDOWS\SYSTEM32\CONHOST.EXE
2024-05-04 23:21:34,\VOLUME{01da9e5f51048727-8c5142ea}\WINDOWS\SYSTEM32\CONHOST.EXE
2024-05-04 23:55:46,\VOLUME{01da9e5f51048727-8c5142ea}\WINDOWS\SYSTEM32\CONSENT.EXE
2024-05-04 23:52:58,\VOLUME{01da9e5f51048727-8c5142ea}\WINDOWS\SYSTEM32\CONSENT.EXE
2024-05-04 22:53:31,\VOLUME{01da9e5f51048727-8c5142ea}\WINDOWS\SYSTEM32\CONSENT.EXE
2024-05-04 22:38:47,\VOLUME{01da9e5f51048727-8c5142ea}\WINDOWS\SYSTEM32\CONSENT.EXE
2024-05-04 20:55:18,\VOLUME{01da9e5f51048727-8c5142ea}\WINDOWS\SYSTEM32\CONSENT.EXE
2024-05-04 20:48:39,\VOLUME{01da9e5f51048727-8c5142ea}\WINDOWS\SYSTEM32\CONSENT.EXE
2024-05-04 19:49:51,\VOLUME{01da9e5f51048727-8c5142ea}\WINDOWS\SYSTEM32\CONSENT.EXE
2024-05-04 19:44:48,\VOLUME{01da9e5f51048727-8c5142ea}\WINDOWS\SYSTEM32\CONSENT.EXE
2024-05-04 19:28:31,\VOLUME{01da9e5f51048727-8c5142ea}\PROGRAM FILES (X86)\MICROSOFT\EDGE\APPLICATION\124.0.2478.80\COOKIE_EXPORTER.EXE
2024-05-04 19:19:06,\VOLUME{01da9e5f51048727-8c5142ea}\WINDOWS\SYSTEM32\CSRSS.EXE
2024-05-04 23:55:48,\VOLUME{01da9e5f51048727-8c5142ea}\WINDOWS\SYSTEM32\CTFMON.EXE
2024-05-04 23:53:00,\VOLUME{01da9e5f51048727-8c5142ea}\WINDOWS\SYSTEM32\CTFMON.EXE
2024-05-04 23:26:46,\VOLUME{01da9e5f51048727-8c5142ea}\WINDOWS\SYSTEM32\CTFMON.EXE
2024-05-04 23:21:44,\VOLUME{01da9e5f51048727-8c5142ea}\WINDOWS\SYSTEM32\CTFMON.EXE
2024-05-04 22:53:32,\VOLUME{01da9e5f51048727-8c5142ea}\WINDOWS\SYSTEM32\CTFMON.EXE
2024-05-04 22:48:33,\VOLUME{01da9e5f51048727-8c5142ea}\WINDOWS\SYSTEM32\CTFMON.EXE
2024-05-04 22:38:47,\VOLUME{01da9e5f51048727-8c5142ea}\WINDOWS\SYSTEM32\CTFMON.EXE
2024-05-04 22:37:25,\VOLUME{01da9e5f51048727-8c5142ea}\WINDOWS\SYSTEM32\CTFMON.EXE
2024-05-04 23:01:09,\VOLUME{01da9e5f51048727-8c5142ea}\WINDOWS\SYSTEM32\DEFRAG.EXE
2024-05-04 19:36:35,\VOLUME{01da9e5f51048727-8c5142ea}\WINDOWS\SYSTEM32\DEVICECENSUS.EXE
2024-05-04 22:58:24,\VOLUME{01da9e5f51048727-8c5142ea}\WINDOWS\SYSTEM32\DIRECTXDATABASEUPDATER.EXE
2024-05-04 22:58:25,\VOLUME{01da9e5f51048727-8c5142ea}\WINDOWS\SYSTEM32\DISM\DISMHOST.EXE
2024-05-04 21:19:18,\VOLUME{01da9e5f51048727-8c5142ea}\WINDOWS\SYSWOW64\DLLHOST.EXE
2024-05-04 23:26:33,\VOLUME{01da9e5f51048727-8c5142ea}\WINDOWS\SYSTEM32\DLLHOST.EXE
2024-05-04 22:37:21,\VOLUME{01da9e5f51048727-8c5142ea}\WINDOWS\SYSTEM32\DLLHOST.EXE
2024-05-04 19:22:36,\VOLUME{01da9e5f51048727-8c5142ea}\WINDOWS\SYSTEM32\DLLHOST.EXE
2024-05-04 19:13:55,\VOLUME{01da9e5f51048727-8c5142ea}\WINDOWS\SYSTEM32\DLLHOST.EXE
2024-05-04 19:02:25,\VOLUME{01da9e5f51048727-8c5142ea}\WINDOWS\SYSTEM32\DLLHOST.EXE
2024-05-04 22:55:56,\VOLUME{01da9e5f51048727-8c5142ea}\WINDOWS\SYSTEM32\DLLHOST.EXE
2024-05-04 19:45:13,\VOLUME{01da9e5f51048727-8c5142ea}\WINDOWS\SYSTEM32\DLLHOST.EXE
2024-05-04 23:29:20,\VOLUME{01da9e5f51048727-8c5142ea}\WINDOWS\SYSTEM32\DLLHOST.EXE
2024-05-04 22:50:52,\VOLUME{01da9e5f51048727-8c5142ea}\WINDOWS\SYSTEM32\DLLHOST.EXE
2024-05-04 22:37:37,\VOLUME{01da9e5f51048727-8c5142ea}\WINDOWS\SYSTEM32\DLLHOST.EXE
2024-05-04 19:38:23,\VOLUME{01da9e5f51048727-8c5142ea}\WINDOWS\SYSTEM32\DLLHOST.EXE
2024-05-04 19:29:59,\VOLUME{01da9e5f51048727-8c5142ea}\WINDOWS\SYSTEM32\DLLHOST.EXE
2024-05-04 19:22:10,\VOLUME{01da9e5f51048727-8c5142ea}\WINDOWS\SYSTEM32\DLLHOST.EXE
2024-05-04 19:13:22,\VOLUME{01da9e5f51048727-8c5142ea}\WINDOWS\SYSTEM32\DLLHOST.EXE
2024-05-04 18:51:34,\VOLUME{01da9e5f51048727-8c5142ea}\WINDOWS\SYSTEM32\DLLHOST.EXE
2024-05-04 23:55:13,\VOLUME{01da9e5f51048727-8c5142ea}\WINDOWS\SYSTEM32\DLLHOST.EXE
2024-05-04 23:37:09,\VOLUME{01da9e5f51048727-8c5142ea}\WINDOWS\SYSTEM32\DLLHOST.EXE
2024-05-04 23:26:50,\VOLUME{01da9e5f51048727-8c5142ea}\WINDOWS\SYSTEM32\DLLHOST.EXE
2024-05-04 23:21:50,\VOLUME{01da9e5f51048727-8c5142ea}\WINDOWS\SYSTEM32\DLLHOST.EXE
2024-05-04 22:48:35,\VOLUME{01da9e5f51048727-8c5142ea}\WINDOWS\SYSTEM32\DLLHOST.EXE
2024-05-04 22:37:59,\VOLUME{01da9e5f51048727-8c5142ea}\WINDOWS\SYSTEM32\DLLHOST.EXE
2024-05-04 21:13:28,\VOLUME{01da9e5f51048727-8c5142ea}\WINDOWS\SYSTEM32\DLLHOST.EXE
2024-05-04 21:09:59,\VOLUME{01da9e5f51048727-8c5142ea}\WINDOWS\SYSTEM32\DLLHOST.EXE
2024-05-04 19:20:04,\VOLUME{01da9e5f51048727-8c5142ea}\WINDOWS\SYSTEM32\DLLHOST.EXE
2024-05-04 19:13:33,\VOLUME{01da9e5f51048727-8c5142ea}\WINDOWS\SYSTEM32\DLLHOST.EXE
2024-05-04 19:01:31,\VOLUME{01da9e5f51048727-8c5142ea}\WINDOWS\SYSTEM32\DLLHOST.EXE
2024-05-04 18:52:00,\VOLUME{01da9e5f51048727-8c5142ea}\WINDOWS\SYSTEM32\DLLHOST.EXE
2024-05-04 19:50:53,\VOLUME{01da9e5f51048727-8c5142ea}\WINDOWS\SYSTEM32\DLLHOST.EXE
2024-05-04 19:49:53,\VOLUME{01da9e5f51048727-8c5142ea}\WINDOWS\SYSTEM32\DLLHOST.EXE
2024-05-04 19:17:21,\VOLUME{01da9e5f51048727-8c5142ea}\WINDOWS\SYSTEM32\DLLHOST.EXE
2024-05-04 19:13:32,\VOLUME{01da9e5f51048727-8c5142ea}\WINDOWS\SYSTEM32\DLLHOST.EXE
2024-05-04 19:08:42,\VOLUME{01da9e5f51048727-8c5142ea}\WINDOWS\SYSTEM32\DLLHOST.EXE
2024-05-04 19:01:31,\VOLUME{01da9e5f51048727-8c5142ea}\WINDOWS\SYSTEM32\DLLHOST.EXE
2024-05-04 18:51:59,\VOLUME{01da9e5f51048727-8c5142ea}\WINDOWS\SYSTEM32\DLLHOST.EXE
2024-05-04 19:49:53,\VOLUME{01da9e5f51048727-8c5142ea}\WINDOWS\SYSTEM32\DLLHOST.EXE
2024-05-04 19:21:15,\VOLUME{01da9e5f51048727-8c5142ea}\WINDOWS\SYSTEM32\DLLHOST.EXE
2024-05-04 21:19:16,\VOLUME{01da9e5f51048727-8c5142ea}\WINDOWS\SYSTEM32\DLLHOST.EXE
2024-05-04 21:34:54,\VOLUME{01da9e5f51048727-8c5142ea}\WINDOWS\SYSTEM32\DLLHOST.EXE
2024-05-04 19:20:44,\VOLUME{01da9e5f51048727-8c5142ea}\WINDOWS\SYSTEM32\DLLHOST.EXE
2024-05-04 19:19:03,\VOLUME{01da9e5f51048727-8c5142ea}\WINDOWS\SYSTEM32\DLLHOST.EXE
2024-05-04 19:08:34,\VOLUME{01da9e5f51048727-8c5142ea}\WINDOWS\SYSTEM32\DLLHOST.EXE
2024-05-04 18:51:44,\VOLUME{01da9e5f51048727-8c5142ea}\WINDOWS\SYSTEM32\DLLHOST.EXE
2024-05-04 23:26:51,\VOLUME{01da9e5f51048727-8c5142ea}\WINDOWS\SYSTEM32\DLLHOST.EXE
2024-05-04 23:21:38,\VOLUME{01da9e5f51048727-8c5142ea}\WINDOWS\SYSTEM32\DLLHOST.EXE
2024-05-04 22:48:39,\VOLUME{01da9e5f51048727-8c5142ea}\WINDOWS\SYSTEM32\DLLHOST.EXE
2024-05-04 22:37:33,\VOLUME{01da9e5f51048727-8c5142ea}\WINDOWS\SYSTEM32\DLLHOST.EXE
2024-05-04 21:34:39,\VOLUME{01da9e5f51048727-8c5142ea}\WINDOWS\SYSTEM32\DLLHOST.EXE
2024-05-04 19:22:59,\VOLUME{01da9e5f51048727-8c5142ea}\WINDOWS\SYSTEM32\DLLHOST.EXE
2024-05-04 19:22:34,\VOLUME{01da9e5f51048727-8c5142ea}\WINDOWS\SYSTEM32\DLLHOST.EXE
2024-05-04 19:13:54,\VOLUME{01da9e5f51048727-8c5142ea}\WINDOWS\SYSTEM32\DLLHOST.EXE
2024-05-04 23:52:41,DOTNET-RUNTIME-6.0.29-WIN-X64
2024-05-04 23:52:36,DOTNET-RUNTIME-6.0.29-WIN-X64
2024-05-04 23:53:07,DOTNET-RUNTIME-6.0.29-WIN-X64
2024-05-04 18:49:54,\VOLUME{01da9e5f51048727-8c5142ea}\WINDOWS\SYSTEM32\DRVINST.EXE
2024-05-04 19:10:07,\VOLUME{01da9e5f51048727-8c5142ea}\WINDOWS\SYSTEM32\DSMUSERTASK.EXE
2024-05-04 19:19:07,\VOLUME{01da9e5f51048727-8c5142ea}\WINDOWS\SYSTEM32\DWM.EXE
2024-05-04 22:38:28,\VOLUME{01da9e5f51048727-8c5142ea}\PROGRAM FILES (X86)\MICROSOFT\EDGE\APPLICATION\124.0.2478.80\ELEVATION_SERVICE.EXE
2024-05-04 20:23:09,\VOLUME{01da9e5f51048727-8c5142ea}\PROGRAM FILES (X86)\MICROSOFT\EDGE\APPLICATION\124.0.2478.80\ELEVATION_SERVICE.EXE
2024-05-04 19:19:31,\VOLUME{01da9e5f51048727-8c5142ea}\WINDOWS\EXPLORER.EXE
2024-05-04 19:00:30,\VOLUME{01da9e5f51048727-8c5142ea}\WINDOWS\EXPLORER.EXE
2024-05-04 18:49:49,\VOLUME{01da9e5f51048727-8c5142ea}\WINDOWS\EXPLORER.EXE
2024-05-04 23:37:12,\VOLUME{01da9e5f51048727-8c5142ea}\USERS\RICK\APPDATA\LOCAL\MICROSOFT\ONEDRIVE\24.076.0414.0005\FILECOAUTH.EXE
2024-05-04 22:54:12,\VOLUME{01da9e5f51048727-8c5142ea}\USERS\RICK\APPDATA\LOCAL\MICROSOFT\ONEDRIVE\24.076.0414.0005\FILECOAUTH.EXE
2024-05-04 19:48:22,\VOLUME{01da9e5f51048727-8c5142ea}\USERS\RICK\APPDATA\LOCAL\MICROSOFT\ONEDRIVE\24.076.0414.0005\FILECOAUTH.EXE
2024-05-04 19:27:14,\VOLUME{01da9e5f51048727-8c5142ea}\USERS\RICK\APPDATA\LOCAL\MICROSOFT\ONEDRIVE\22.012.0117.0003\FILESYNCCONFIG.EXE
2024-05-04 19:29:03,\VOLUME{01da9e5f51048727-8c5142ea}\USERS\RICK\APPDATA\LOCAL\MICROSOFT\ONEDRIVE\24.076.0414.0005\FILESYNCCONFIG.EXE
2024-05-04 19:19:08,\VOLUME{01da9e5f51048727-8c5142ea}\WINDOWS\SYSTEM32\OOBE\FIRSTLOGONANIM.EXE
2024-05-04 19:44:48,\VOLUME{01da9e5f51048727-8c5142ea}\WINDOWS\SYSTEM32\FODHELPER.EXE
2024-05-04 19:19:07,\VOLUME{01da9e5f51048727-8c5142ea}\WINDOWS\SYSTEM32\FONTDRVHOST.EXE
2024-05-04 19:24:43,\VOLUME{01da9e5f51048727-8c5142ea}\WINDOWS\SYSTEM32\FSQUIRT.EXE
2024-05-04 20:11:56,\VOLUME{01da9e5f51048727-8c5142ea}\PROGRAM FILES\WINDOWSAPPS\MICROSOFT.WINDOWSCOMMUNICATIONSAPPS_16005.14326.20544.0_X64__8WEKYB3D8BBWE\HXTSR.EXE
2024-05-04 23:28:07,\VOLUME{01da9e5f51048727-8c5142ea}\PROGRAM FILES (X86)\MICROSOFT\EDGE\APPLICATION\124.0.2478.80\IDENTITY_HELPER.EXE
2024-05-04 22:38:31,\VOLUME{01da9e5f51048727-8c5142ea}\PROGRAM FILES (X86)\MICROSOFT\EDGE\APPLICATION\124.0.2478.80\IDENTITY_HELPER.EXE
2024-05-04 20:23:34,\VOLUME{01da9e5f51048727-8c5142ea}\PROGRAM FILES (X86)\MICROSOFT\EDGE\APPLICATION\124.0.2478.80\IDENTITY_HELPER.EXE
2024-05-04 19:48:04,\VOLUME{01da9e5f51048727-8c5142ea}\PROGRAM FILES (X86)\MICROSOFT\EDGE\APPLICATION\124.0.2478.80\IDENTITY_HELPER.EXE
2024-05-04 19:26:16,\VOLUME{01da9e5f51048727-8c5142ea}\PROGRAM FILES (X86)\MICROSOFT\EDGE\APPLICATION\124.0.2478.80\IDENTITY_HELPER.EXE
2024-05-04 19:20:03,\VOLUME{01da9e5f51048727-8c5142ea}\WINDOWS\SYSTEM32\IE4UINIT.EXE
2024-05-04 19:20:02,\VOLUME{01da9e5f51048727-8c5142ea}\WINDOWS\SYSTEM32\IE4UINIT.EXE
2024-05-04 19:54:57,\VOLUME{01da9e5f51048727-8c5142ea}\USERS\RICK\APPDATA\LOCAL\PROGRAMS\OPERA\109.0.5097.68\INSTALLER.EXE
2024-05-04 19:54:58,\VOLUME{01da9e5f51048727-8c5142ea}\USERS\RICK\APPDATA\LOCAL\PROGRAMS\OPERA\109.0.5097.68\INSTALLER.EXE
2024-05-04 23:50:29,\VOLUME{01da9e5f51048727-8c5142ea}\USERS\RICK\APPDATA\LOCAL\TEMP\.OPERA\INSTALLER.EXE
2024-05-04 22:48:37,\VOLUME{01da9e5f51048727-8c5142ea}\WINDOWS\SYSTEMAPPS\MICROSOFT.LOCKAPP_CW5N1H2TXYEWY\LOCKAPP.EXE
2024-05-04 23:06:23,\VOLUME{01da9e5f51048727-8c5142ea}\WINDOWS\SYSTEM32\LOGONUI.EXE
2024-05-04 22:39:25,\VOLUME{01da9e5f51048727-8c5142ea}\WINDOWS\SYSTEM32\LOGONUI.EXE
2024-05-04 21:34:44,\VOLUME{01da9e5f51048727-8c5142ea}\WINDOWS\SYSTEM32\LOGONUI.EXE
2024-05-04 19:19:07,\VOLUME{01da9e5f51048727-8c5142ea}\WINDOWS\SYSTEM32\LOGONUI.EXE
2024-05-04 19:19:01,\VOLUME{01da9e5f51048727-8c5142ea}\WINDOWS\SYSTEM32\LOGONUI.EXE
2024-05-04 19:00:03,\VOLUME{01da9e5f51048727-8c5142ea}\WINDOWS\SYSTEM32\LOGONUI.EXE
2024-05-04 18:49:01,\VOLUME{01da9e5f51048727-8c5142ea}\WINDOWS\SYSTEM32\LOGONUI.EXE
2024-05-04 19:08:40,\VOLUME{01da9e5f51048727-8c5142ea}\WINDOWS\SYSTEM32\LPREMOVE.EXE
2024-05-04 19:29:18,\VOLUME{01da9e5f51048727-8c5142ea}\USERS\RICK\APPDATA\LOCAL\MICROSOFT\ONEDRIVE\24.076.0414.0005\MICROSOFT.SHAREPOINT.EXE
2024-05-04 19:45:04,\VOLUME{01da9e5f51048727-8c5142ea}\PROGRAM FILES (X86)\MICROSOFT\TEMP\EUEDC0.TMP\MICROSOFTEDGEUPDATE.EXE
2024-05-04 19:55:22,\VOLUME{01da9e5f51048727-8c5142ea}\PROGRAM FILES (X86)\MICROSOFT\TEMP\EUBB67.TMP\MICROSOFTEDGEUPDATE.EXE
2024-05-04 23:28:50,\VOLUME{01da9e5f51048727-8c5142ea}\PROGRAM FILES (X86)\MICROSOFT\EDGEUPDATE\MICROSOFTEDGEUPDATE.EXE
2024-05-04 23:28:49,\VOLUME{01da9e5f51048727-8c5142ea}\PROGRAM FILES (X86)\MICROSOFT\EDGEUPDATE\MICROSOFTEDGEUPDATE.EXE
2024-05-04 23:00:43,\VOLUME{01da9e5f51048727-8c5142ea}\PROGRAM FILES (X86)\MICROSOFT\EDGEUPDATE\MICROSOFTEDGEUPDATE.EXE
2024-05-04 22:50:07,\VOLUME{01da9e5f51048727-8c5142ea}\PROGRAM FILES (X86)\MICROSOFT\EDGEUPDATE\MICROSOFTEDGEUPDATE.EXE
2024-05-04 22:38:46,\VOLUME{01da9e5f51048727-8c5142ea}\PROGRAM FILES (X86)\MICROSOFT\EDGEUPDATE\MICROSOFTEDGEUPDATE.EXE
2024-05-04 22:38:46,\VOLUME{01da9e5f51048727-8c5142ea}\PROGRAM FILES (X86)\MICROSOFT\EDGEUPDATE\MICROSOFTEDGEUPDATE.EXE
2024-05-04 21:00:43,\VOLUME{01da9e5f51048727-8c5142ea}\PROGRAM FILES (X86)\MICROSOFT\EDGEUPDATE\MICROSOFTEDGEUPDATE.EXE
2024-05-04 20:30:42,\VOLUME{01da9e5f51048727-8c5142ea}\PROGRAM FILES (X86)\MICROSOFT\EDGEUPDATE\MICROSOFTEDGEUPDATE.EXE
2024-05-04 19:44:57,MICROSOFTEDGEUPDATESETUP_X86_
2024-05-04 19:53:00,MICROSOFTEDGEUPDATESETUP_X86_
2024-05-04 19:03:22,MICROSOFTEDGE_X64_124.0.2478.
2024-05-04 18:53:10,MICROSOFTEDGE_X64_124.0.2478.
2024-05-04 18:57:36,MICROSOFTEDGE_X64_124.0.2478.
2024-05-04 23:26:43,\VOLUME{01da9e5f51048727-8c5142ea}\WINDOWS\SYSTEM32\MOBSYNC.EXE
2024-05-04 23:21:45,\VOLUME{01da9e5f51048727-8c5142ea}\WINDOWS\SYSTEM32\MOBSYNC.EXE
2024-05-04 22:48:29,\VOLUME{01da9e5f51048727-8c5142ea}\WINDOWS\SYSTEM32\MOBSYNC.EXE
2024-05-04 22:37:26,\VOLUME{01da9e5f51048727-8c5142ea}\WINDOWS\SYSTEM32\MOBSYNC.EXE
2024-05-04 22:48:40,\VOLUME{01da9e5f51048727-8c5142ea}\WINDOWS\SYSTEM32\WBEM\MOFCOMP.EXE
2024-05-04 23:42:35,\VOLUME{01da9e5f51048727-8c5142ea}\WINDOWS\UUS\PACKAGES\PREVIEW\AMD64\MONOTIFICATIONUX.EXE
2024-05-04 23:05:37,\VOLUME{01da9e5f51048727-8c5142ea}\WINDOWS\UUS\PACKAGES\PREVIEW\AMD64\MONOTIFICATIONUX.EXE
2024-05-04 22:39:05,\VOLUME{01da9e5f51048727-8c5142ea}\WINDOWS\UUS\PACKAGES\PREVIEW\AMD64\MONOTIFICATIONUX.EXE
2024-05-04 21:32:02,\VOLUME{01da9e5f51048727-8c5142ea}\WINDOWS\UUS\PACKAGES\PREVIEW\AMD64\MONOTIFICATIONUX.EXE
2024-05-04 21:31:36,\VOLUME{01da9e5f51048727-8c5142ea}\WINDOWS\UUS\PACKAGES\PREVIEW\AMD64\MONOTIFICATIONUX.EXE
2024-05-04 21:31:14,\VOLUME{01da9e5f51048727-8c5142ea}\WINDOWS\UUS\PACKAGES\PREVIEW\AMD64\MONOTIFICATIONUX.EXE
2024-05-04 21:31:05,\VOLUME{01da9e5f51048727-8c5142ea}\WINDOWS\UUS\PACKAGES\PREVIEW\AMD64\MONOTIFICATIONUX.EXE
2024-05-04 21:30:29,\VOLUME{01da9e5f51048727-8c5142ea}\WINDOWS\UUS\PACKAGES\PREVIEW\AMD64\MONOTIFICATIONUX.EXE
2024-05-04 19:36:36,\VOLUME{01da9e5f51048727-8c5142ea}\WINDOWS\UUS\AMD64\MOUSOCOREWORKER.EXE
2024-05-04 23:52:44,\VOLUME{01da9e5f51048727-8c5142ea}\WINDOWS\UUS\PACKAGES\PREVIEW\AMD64\MOUSOCOREWORKER.EXE
2024-05-04 23:47:32,\VOLUME{01da9e5f51048727-8c5142ea}\WINDOWS\UUS\PACKAGES\PREVIEW\AMD64\MOUSOCOREWORKER.EXE
2024-05-04 23:42:26,\VOLUME{01da9e5f51048727-8c5142ea}\WINDOWS\UUS\PACKAGES\PREVIEW\AMD64\MOUSOCOREWORKER.EXE
2024-05-04 23:39:21,\VOLUME{01da9e5f51048727-8c5142ea}\WINDOWS\UUS\PACKAGES\PREVIEW\AMD64\MOUSOCOREWORKER.EXE
2024-05-04 23:29:00,\VOLUME{01da9e5f51048727-8c5142ea}\WINDOWS\UUS\PACKAGES\PREVIEW\AMD64\MOUSOCOREWORKER.EXE
2024-05-04 23:05:35,\VOLUME{01da9e5f51048727-8c5142ea}\WINDOWS\UUS\PACKAGES\PREVIEW\AMD64\MOUSOCOREWORKER.EXE
2024-05-04 23:01:18,\VOLUME{01da9e5f51048727-8c5142ea}\WINDOWS\UUS\PACKAGES\PREVIEW\AMD64\MOUSOCOREWORKER.EXE
2024-05-04 22:59:05,\VOLUME{01da9e5f51048727-8c5142ea}\WINDOWS\UUS\PACKAGES\PREVIEW\AMD64\MOUSOCOREWORKER.EXE
2024-05-04 22:48:53,\VOLUME{01da9e5f51048727-8c5142ea}\PROGRAM FILES\WINDOWS DEFENDER\MPCMDRUN.EXE
2024-05-04 22:48:44,\VOLUME{01da9e5f51048727-8c5142ea}\PROGRAM FILES\WINDOWS DEFENDER\MPCMDRUN.EXE
2024-05-04 22:38:58,\VOLUME{01da9e5f51048727-8c5142ea}\PROGRAM FILES\WINDOWS DEFENDER\MPCMDRUN.EXE
2024-05-04 22:38:51,\VOLUME{01da9e5f51048727-8c5142ea}\PROGRAM FILES\WINDOWS DEFENDER\MPCMDRUN.EXE
2024-05-04 21:26:04,\VOLUME{01da9e5f51048727-8c5142ea}\PROGRAM FILES\WINDOWS DEFENDER\MPCMDRUN.EXE
2024-05-04 21:26:03,\VOLUME{01da9e5f51048727-8c5142ea}\PROGRAM FILES\WINDOWS DEFENDER\MPCMDRUN.EXE
2024-05-04 21:26:02,\VOLUME{01da9e5f51048727-8c5142ea}\PROGRAM FILES\WINDOWS DEFENDER\MPCMDRUN.EXE
2024-05-04 23:37:15,\VOLUME{01da9e5f51048727-8c5142ea}\PROGRAMDATA\MICROSOFT\WINDOWS DEFENDER\PLATFORM\4.18.24030.9-0\MPCMDRUN.EXE
2024-05-04 23:37:11,\VOLUME{01da9e5f51048727-8c5142ea}\PROGRAMDATA\MICROSOFT\WINDOWS DEFENDER\PLATFORM\4.18.24030.9-0\MPCMDRUN.EXE
2024-05-04 22:59:14,\VOLUME{01da9e5f51048727-8c5142ea}\PROGRAMDATA\MICROSOFT\WINDOWS DEFENDER\PLATFORM\4.18.24030.9-0\MPCMDRUN.EXE
2024-05-04 22:59:12,\VOLUME{01da9e5f51048727-8c5142ea}\PROGRAMDATA\MICROSOFT\WINDOWS DEFENDER\PLATFORM\4.18.24030.9-0\MPCMDRUN.EXE
2024-05-04 23:40:03,\VOLUME{01da9e5f51048727-8c5142ea}\WINDOWS\SYSTEM32\MPSIGSTUB.EXE
2024-05-04 21:27:28,\VOLUME{01da9e5f51048727-8c5142ea}\WINDOWS\SYSTEM32\MPSIGSTUB.EXE
2024-05-04 21:27:26,\VOLUME{01da9e5f51048727-8c5142ea}\WINDOWS\SOFTWAREDISTRIBUTION\DOWNLOAD\INSTALL\MPSIGSTUB.EXE
2024-05-04 23:03:57,\VOLUME{01da9e5f51048727-8c5142ea}\WINDOWS\MICROSOFT.NET\FRAMEWORK64\V4.0.30319\MSCORSVW.EXE
2024-05-04 23:03:56,\VOLUME{01da9e5f51048727-8c5142ea}\WINDOWS\MICROSOFT.NET\FRAMEWORK64\V4.0.30319\MSCORSVW.EXE
2024-05-04 23:01:08,\VOLUME{01da9e5f51048727-8c5142ea}\WINDOWS\MICROSOFT.NET\FRAMEWORK64\V4.0.30319\MSCORSVW.EXE
2024-05-04 19:41:22,\VOLUME{01da9e5f51048727-8c5142ea}\WINDOWS\MICROSOFT.NET\FRAMEWORK64\V4.0.30319\MSCORSVW.EXE
2024-05-04 19:36:42,\VOLUME{01da9e5f51048727-8c5142ea}\WINDOWS\MICROSOFT.NET\FRAMEWORK64\V4.0.30319\MSCORSVW.EXE
2024-05-04 19:36:41,\VOLUME{01da9e5f51048727-8c5142ea}\WINDOWS\MICROSOFT.NET\FRAMEWORK64\V4.0.30319\MSCORSVW.EXE
2024-05-04 19:36:37,\VOLUME{01da9e5f51048727-8c5142ea}\WINDOWS\MICROSOFT.NET\FRAMEWORK64\V4.0.30319\MSCORSVW.EXE
2024-05-04 19:36:35,\VOLUME{01da9e5f51048727-8c5142ea}\WINDOWS\MICROSOFT.NET\FRAMEWORK64\V4.0.30319\MSCORSVW.EXE
2024-05-04 20:23:25,\VOLUME{01da9e5f51048727-8c5142ea}\WINDOWS\MICROSOFT.NET\FRAMEWORK\V4.0.30319\MSCORSVW.EXE
2024-05-04 20:22:50,\VOLUME{01da9e5f51048727-8c5142ea}\WINDOWS\MICROSOFT.NET\FRAMEWORK\V4.0.30319\MSCORSVW.EXE
2024-05-04 20:20:40,\VOLUME{01da9e5f51048727-8c5142ea}\WINDOWS\MICROSOFT.NET\FRAMEWORK\V4.0.30319\MSCORSVW.EXE
2024-05-04 20:16:33,\VOLUME{01da9e5f51048727-8c5142ea}\WINDOWS\MICROSOFT.NET\FRAMEWORK\V4.0.30319\MSCORSVW.EXE
2024-05-04 20:16:24,\VOLUME{01da9e5f51048727-8c5142ea}\WINDOWS\MICROSOFT.NET\FRAMEWORK\V4.0.30319\MSCORSVW.EXE
2024-05-04 20:11:28,\VOLUME{01da9e5f51048727-8c5142ea}\WINDOWS\MICROSOFT.NET\FRAMEWORK\V4.0.30319\MSCORSVW.EXE
2024-05-04 19:54:23,\VOLUME{01da9e5f51048727-8c5142ea}\WINDOWS\MICROSOFT.NET\FRAMEWORK\V4.0.30319\MSCORSVW.EXE
2024-05-04 19:52:02,\VOLUME{01da9e5f51048727-8c5142ea}\WINDOWS\MICROSOFT.NET\FRAMEWORK\V4.0.30319\MSCORSVW.EXE
2024-05-04 22:49:17,\VOLUME{01da9e5f51048727-8c5142ea}\PROGRAM FILES (X86)\MICROSOFT\EDGE\APPLICATION\MSEDGE.EXE
2024-05-04 22:38:26,\VOLUME{01da9e5f51048727-8c5142ea}\PROGRAM FILES (X86)\MICROSOFT\EDGE\APPLICATION\MSEDGE.EXE
2024-05-04 21:14:14,\VOLUME{01da9e5f51048727-8c5142ea}\PROGRAM FILES (X86)\MICROSOFT\EDGE\APPLICATION\MSEDGE.EXE
2024-05-04 23:36:34,\VOLUME{01da9e5f51048727-8c5142ea}\PROGRAM FILES (X86)\MICROSOFT\EDGE\APPLICATION\MSEDGE.EXE
2024-05-04 23:33:11,\VOLUME{01da9e5f51048727-8c5142ea}\PROGRAM FILES (X86)\MICROSOFT\EDGE\APPLICATION\MSEDGE.EXE
2024-05-04 23:27:47,\VOLUME{01da9e5f51048727-8c5142ea}\PROGRAM FILES (X86)\MICROSOFT\EDGE\APPLICATION\MSEDGE.EXE
2024-05-04 23:27:43,\VOLUME{01da9e5f51048727-8c5142ea}\PROGRAM FILES (X86)\MICROSOFT\EDGE\APPLICATION\MSEDGE.EXE
2024-05-04 22:49:31,\VOLUME{01da9e5f51048727-8c5142ea}\PROGRAM FILES (X86)\MICROSOFT\EDGE\APPLICATION\MSEDGE.EXE
2024-05-04 22:49:29,\VOLUME{01da9e5f51048727-8c5142ea}\PROGRAM FILES (X86)\MICROSOFT\EDGE\APPLICATION\MSEDGE.EXE
2024-05-04 22:49:28,\VOLUME{01da9e5f51048727-8c5142ea}\PROGRAM FILES (X86)\MICROSOFT\EDGE\APPLICATION\MSEDGE.EXE
2024-05-04 22:38:32,\VOLUME{01da9e5f51048727-8c5142ea}\PROGRAM FILES (X86)\MICROSOFT\EDGE\APPLICATION\MSEDGE.EXE
2024-05-04 23:27:10,\VOLUME{01da9e5f51048727-8c5142ea}\PROGRAM FILES (X86)\MICROSOFT\EDGE\APPLICATION\MSEDGE.EXE
2024-05-04 22:49:22,\VOLUME{01da9e5f51048727-8c5142ea}\PROGRAM FILES (X86)\MICROSOFT\EDGE\APPLICATION\MSEDGE.EXE
2024-05-04 22:38:28,\VOLUME{01da9e5f51048727-8c5142ea}\PROGRAM FILES (X86)\MICROSOFT\EDGE\APPLICATION\MSEDGE.EXE
2024-05-04 20:23:06,\VOLUME{01da9e5f51048727-8c5142ea}\PROGRAM FILES (X86)\MICROSOFT\EDGE\APPLICATION\MSEDGE.EXE
2024-05-04 19:25:35,\VOLUME{01da9e5f51048727-8c5142ea}\PROGRAM FILES (X86)\MICROSOFT\EDGE\APPLICATION\MSEDGE.EXE
2024-05-04 19:25:34,\VOLUME{01da9e5f51048727-8c5142ea}\PROGRAM FILES (X86)\MICROSOFT\EDGE\APPLICATION\MSEDGE.EXE
2024-05-04 19:25:33,\VOLUME{01da9e5f51048727-8c5142ea}\PROGRAM FILES (X86)\MICROSOFT\EDGE\APPLICATION\MSEDGE.EXE
2024-05-04 19:25:27,\VOLUME{01da9e5f51048727-8c5142ea}\PROGRAM FILES (X86)\MICROSOFT\EDGE\APPLICATION\MSEDGE.EXE
2024-05-04 23:27:10,\VOLUME{01da9e5f51048727-8c5142ea}\PROGRAM FILES (X86)\MICROSOFT\EDGE\APPLICATION\MSEDGE.EXE
2024-05-04 22:49:22,\VOLUME{01da9e5f51048727-8c5142ea}\PROGRAM FILES (X86)\MICROSOFT\EDGE\APPLICATION\MSEDGE.EXE
2024-05-04 22:38:28,\VOLUME{01da9e5f51048727-8c5142ea}\PROGRAM FILES (X86)\MICROSOFT\EDGE\APPLICATION\MSEDGE.EXE
2024-05-04 20:23:07,\VOLUME{01da9e5f51048727-8c5142ea}\PROGRAM FILES (X86)\MICROSOFT\EDGE\APPLICATION\MSEDGE.EXE
2024-05-04 19:25:27,\VOLUME{01da9e5f51048727-8c5142ea}\PROGRAM FILES (X86)\MICROSOFT\EDGE\APPLICATION\MSEDGE.EXE
2024-05-04 23:27:09,\VOLUME{01da9e5f51048727-8c5142ea}\PROGRAM FILES (X86)\MICROSOFT\EDGE\APPLICATION\MSEDGE.EXE
2024-05-04 22:49:20,\VOLUME{01da9e5f51048727-8c5142ea}\PROGRAM FILES (X86)\MICROSOFT\EDGE\APPLICATION\MSEDGE.EXE
2024-05-04 22:38:27,\VOLUME{01da9e5f51048727-8c5142ea}\PROGRAM FILES (X86)\MICROSOFT\EDGE\APPLICATION\MSEDGE.EXE
2024-05-04 20:23:01,\VOLUME{01da9e5f51048727-8c5142ea}\PROGRAM FILES (X86)\MICROSOFT\EDGE\APPLICATION\MSEDGE.EXE
2024-05-04 19:25:23,\VOLUME{01da9e5f51048727-8c5142ea}\PROGRAM FILES (X86)\MICROSOFT\EDGE\APPLICATION\MSEDGE.EXE
2024-05-04 23:36:38,\VOLUME{01da9e5f51048727-8c5142ea}\PROGRAM FILES (X86)\MICROSOFT\EDGE\APPLICATION\MSEDGE.EXE
2024-05-04 23:27:18,\VOLUME{01da9e5f51048727-8c5142ea}\PROGRAM FILES (X86)\MICROSOFT\EDGE\APPLICATION\MSEDGE.EXE
2024-05-04 23:27:10,\VOLUME{01da9e5f51048727-8c5142ea}\PROGRAM FILES (X86)\MICROSOFT\EDGE\APPLICATION\MSEDGE.EXE
2024-05-04 23:00:30,\VOLUME{01da9e5f51048727-8c5142ea}\PROGRAM FILES (X86)\MICROSOFT\EDGE\APPLICATION\MSEDGE.EXE
2024-05-04 22:49:22,\VOLUME{01da9e5f51048727-8c5142ea}\PROGRAM FILES (X86)\MICROSOFT\EDGE\APPLICATION\MSEDGE.EXE
2024-05-04 22:49:24,\VOLUME{01da9e5f51048727-8c5142ea}\PROGRAM FILES (X86)\MICROSOFT\EDGE\APPLICATION\MSEDGE.EXE
2024-05-04 22:49:22,\VOLUME{01da9e5f51048727-8c5142ea}\PROGRAM FILES (X86)\MICROSOFT\EDGE\APPLICATION\MSEDGE.EXE
2024-05-04 22:38:28,\VOLUME{01da9e5f51048727-8c5142ea}\PROGRAM FILES (X86)\MICROSOFT\EDGE\APPLICATION\MSEDGE.EXE
2024-05-04 23:27:49,\VOLUME{01da9e5f51048727-8c5142ea}\PROGRAM FILES (X86)\MICROSOFT\EDGE\APPLICATION\MSEDGE.EXE
2024-05-04 20:22:51,\VOLUME{01da9e5f51048727-8c5142ea}\PROGRAM FILES (X86)\MICROSOFT\EDGE\APPLICATION\MSEDGE.EXE
2024-05-04 20:22:51,\VOLUME{01da9e5f51048727-8c5142ea}\PROGRAM FILES (X86)\MICROSOFT\EDGE\APPLICATION\MSEDGE.EXE
2024-05-04 19:28:18,\VOLUME{01da9e5f51048727-8c5142ea}\PROGRAM FILES (X86)\MICROSOFT\EDGE\APPLICATION\MSEDGE.EXE
2024-05-04 23:31:51,\VOLUME{01da9e5f51048727-8c5142ea}\PROGRAM FILES (X86)\MICROSOFT\EDGEWEBVIEW\APPLICATION\124.0.2478.80\MSEDGEWEBVIEW2.EXE
2024-05-04 22:53:33,\VOLUME{01da9e5f51048727-8c5142ea}\PROGRAM FILES (X86)\MICROSOFT\EDGEWEBVIEW\APPLICATION\124.0.2478.80\MSEDGEWEBVIEW2.EXE
2024-05-04 19:30:03,\VOLUME{01da9e5f51048727-8c5142ea}\PROGRAM FILES (X86)\MICROSOFT\EDGEWEBVIEW\APPLICATION\124.0.2478.80\MSEDGEWEBVIEW2.EXE
2024-05-04 23:31:57,\VOLUME{01da9e5f51048727-8c5142ea}\PROGRAM FILES (X86)\MICROSOFT\EDGEWEBVIEW\APPLICATION\124.0.2478.80\MSEDGEWEBVIEW2.EXE
2024-05-04 22:53:38,\VOLUME{01da9e5f51048727-8c5142ea}\PROGRAM FILES (X86)\MICROSOFT\EDGEWEBVIEW\APPLICATION\124.0.2478.80\MSEDGEWEBVIEW2.EXE
2024-05-04 19:30:11,\VOLUME{01da9e5f51048727-8c5142ea}\PROGRAM FILES (X86)\MICROSOFT\EDGEWEBVIEW\APPLICATION\124.0.2478.80\MSEDGEWEBVIEW2.EXE
2024-05-04 23:31:54,\VOLUME{01da9e5f51048727-8c5142ea}\PROGRAM FILES (X86)\MICROSOFT\EDGEWEBVIEW\APPLICATION\124.0.2478.80\MSEDGEWEBVIEW2.EXE
2024-05-04 22:53:36,\VOLUME{01da9e5f51048727-8c5142ea}\PROGRAM FILES (X86)\MICROSOFT\EDGEWEBVIEW\APPLICATION\124.0.2478.80\MSEDGEWEBVIEW2.EXE
2024-05-04 19:30:06,\VOLUME{01da9e5f51048727-8c5142ea}\PROGRAM FILES (X86)\MICROSOFT\EDGEWEBVIEW\APPLICATION\124.0.2478.80\MSEDGEWEBVIEW2.EXE
2024-05-04 23:31:55,\VOLUME{01da9e5f51048727-8c5142ea}\PROGRAM FILES (X86)\MICROSOFT\EDGEWEBVIEW\APPLICATION\124.0.2478.80\MSEDGEWEBVIEW2.EXE
2024-05-04 22:53:37,\VOLUME{01da9e5f51048727-8c5142ea}\PROGRAM FILES (X86)\MICROSOFT\EDGEWEBVIEW\APPLICATION\124.0.2478.80\MSEDGEWEBVIEW2.EXE
2024-05-04 19:30:06,\VOLUME{01da9e5f51048727-8c5142ea}\PROGRAM FILES (X86)\MICROSOFT\EDGEWEBVIEW\APPLICATION\124.0.2478.80\MSEDGEWEBVIEW2.EXE
2024-05-04 23:31:52,\VOLUME{01da9e5f51048727-8c5142ea}\PROGRAM FILES (X86)\MICROSOFT\EDGEWEBVIEW\APPLICATION\124.0.2478.80\MSEDGEWEBVIEW2.EXE
2024-05-04 22:53:34,\VOLUME{01da9e5f51048727-8c5142ea}\PROGRAM FILES (X86)\MICROSOFT\EDGEWEBVIEW\APPLICATION\124.0.2478.80\MSEDGEWEBVIEW2.EXE
2024-05-04 19:30:03,\VOLUME{01da9e5f51048727-8c5142ea}\PROGRAM FILES (X86)\MICROSOFT\EDGEWEBVIEW\APPLICATION\124.0.2478.80\MSEDGEWEBVIEW2.EXE
2024-05-04 23:47:08,\VOLUME{01da9e5f51048727-8c5142ea}\PROGRAM FILES (X86)\MICROSOFT\EDGEWEBVIEW\APPLICATION\124.0.2478.80\MSEDGEWEBVIEW2.EXE
2024-05-04 23:46:51,\VOLUME{01da9e5f51048727-8c5142ea}\PROGRAM FILES (X86)\MICROSOFT\EDGEWEBVIEW\APPLICATION\124.0.2478.80\MSEDGEWEBVIEW2.EXE
2024-05-04 23:31:56,\VOLUME{01da9e5f51048727-8c5142ea}\PROGRAM FILES (X86)\MICROSOFT\EDGEWEBVIEW\APPLICATION\124.0.2478.80\MSEDGEWEBVIEW2.EXE
2024-05-04 22:53:38,\VOLUME{01da9e5f51048727-8c5142ea}\PROGRAM FILES (X86)\MICROSOFT\EDGEWEBVIEW\APPLICATION\124.0.2478.80\MSEDGEWEBVIEW2.EXE
2024-05-04 21:16:45,\VOLUME{01da9e5f51048727-8c5142ea}\PROGRAM FILES (X86)\MICROSOFT\EDGEWEBVIEW\APPLICATION\124.0.2478.80\MSEDGEWEBVIEW2.EXE
2024-05-04 20:46:46,\VOLUME{01da9e5f51048727-8c5142ea}\PROGRAM FILES (X86)\MICROSOFT\EDGEWEBVIEW\APPLICATION\124.0.2478.80\MSEDGEWEBVIEW2.EXE
2024-05-04 19:45:08,\VOLUME{01da9e5f51048727-8c5142ea}\PROGRAM FILES (X86)\MICROSOFT\EDGEWEBVIEW\APPLICATION\124.0.2478.80\MSEDGEWEBVIEW2.EXE
2024-05-04 19:30:06,\VOLUME{01da9e5f51048727-8c5142ea}\PROGRAM FILES (X86)\MICROSOFT\EDGEWEBVIEW\APPLICATION\124.0.2478.80\MSEDGEWEBVIEW2.EXE
2024-05-04 23:28:46,\VOLUME{01da9e5f51048727-8c5142ea}\PROGRAM FILES (X86)\MICROSOFT\EDGEWEBVIEW\APPLICATION\124.0.2478.80\MSEDGEWEBVIEW2.EXE
2024-05-04 22:49:52,\VOLUME{01da9e5f51048727-8c5142ea}\PROGRAM FILES (X86)\MICROSOFT\EDGEWEBVIEW\APPLICATION\124.0.2478.80\MSEDGEWEBVIEW2.EXE
2024-05-04 22:39:07,\VOLUME{01da9e5f51048727-8c5142ea}\PROGRAM FILES (X86)\MICROSOFT\EDGEWEBVIEW\APPLICATION\124.0.2478.80\MSEDGEWEBVIEW2.EXE
2024-05-04 19:29:29,\VOLUME{01da9e5f51048727-8c5142ea}\PROGRAM FILES (X86)\MICROSOFT\EDGEWEBVIEW\APPLICATION\124.0.2478.80\MSEDGEWEBVIEW2.EXE
2024-05-04 23:28:50,\VOLUME{01da9e5f51048727-8c5142ea}\PROGRAM FILES (X86)\MICROSOFT\EDGEWEBVIEW\APPLICATION\124.0.2478.80\MSEDGEWEBVIEW2.EXE
2024-05-04 22:49:53,\VOLUME{01da9e5f51048727-8c5142ea}\PROGRAM FILES (X86)\MICROSOFT\EDGEWEBVIEW\APPLICATION\124.0.2478.80\MSEDGEWEBVIEW2.EXE
2024-05-04 22:39:09,\VOLUME{01da9e5f51048727-8c5142ea}\PROGRAM FILES (X86)\MICROSOFT\EDGEWEBVIEW\APPLICATION\124.0.2478.80\MSEDGEWEBVIEW2.EXE
2024-05-04 19:29:35,\VOLUME{01da9e5f51048727-8c5142ea}\PROGRAM FILES (X86)\MICROSOFT\EDGEWEBVIEW\APPLICATION\124.0.2478.80\MSEDGEWEBVIEW2.EXE
2024-05-04 23:28:48,\VOLUME{01da9e5f51048727-8c5142ea}\PROGRAM FILES (X86)\MICROSOFT\EDGEWEBVIEW\APPLICATION\124.0.2478.80\MSEDGEWEBVIEW2.EXE
2024-05-04 22:49:53,\VOLUME{01da9e5f51048727-8c5142ea}\PROGRAM FILES (X86)\MICROSOFT\EDGEWEBVIEW\APPLICATION\124.0.2478.80\MSEDGEWEBVIEW2.EXE
2024-05-04 22:39:08,\VOLUME{01da9e5f51048727-8c5142ea}\PROGRAM FILES (X86)\MICROSOFT\EDGEWEBVIEW\APPLICATION\124.0.2478.80\MSEDGEWEBVIEW2.EXE
2024-05-04 19:29:31,\VOLUME{01da9e5f51048727-8c5142ea}\PROGRAM FILES (X86)\MICROSOFT\EDGEWEBVIEW\APPLICATION\124.0.2478.80\MSEDGEWEBVIEW2.EXE
2024-05-04 23:28:48,\VOLUME{01da9e5f51048727-8c5142ea}\PROGRAM FILES (X86)\MICROSOFT\EDGEWEBVIEW\APPLICATION\124.0.2478.80\MSEDGEWEBVIEW2.EXE
2024-05-04 22:49:53,\VOLUME{01da9e5f51048727-8c5142ea}\PROGRAM FILES (X86)\MICROSOFT\EDGEWEBVIEW\APPLICATION\124.0.2478.80\MSEDGEWEBVIEW2.EXE
2024-05-04 22:39:08,\VOLUME{01da9e5f51048727-8c5142ea}\PROGRAM FILES (X86)\MICROSOFT\EDGEWEBVIEW\APPLICATION\124.0.2478.80\MSEDGEWEBVIEW2.EXE
2024-05-04 19:29:31,\VOLUME{01da9e5f51048727-8c5142ea}\PROGRAM FILES (X86)\MICROSOFT\EDGEWEBVIEW\APPLICATION\124.0.2478.80\MSEDGEWEBVIEW2.EXE
2024-05-04 23:28:47,\VOLUME{01da9e5f51048727-8c5142ea}\PROGRAM FILES (X86)\MICROSOFT\EDGEWEBVIEW\APPLICATION\124.0.2478.80\MSEDGEWEBVIEW2.EXE
2024-05-04 22:49:53,\VOLUME{01da9e5f51048727-8c5142ea}\PROGRAM FILES (X86)\MICROSOFT\EDGEWEBVIEW\APPLICATION\124.0.2478.80\MSEDGEWEBVIEW2.EXE
2024-05-04 22:39:07,\VOLUME{01da9e5f51048727-8c5142ea}\PROGRAM FILES (X86)\MICROSOFT\EDGEWEBVIEW\APPLICATION\124.0.2478.80\MSEDGEWEBVIEW2.EXE
2024-05-04 19:29:30,\VOLUME{01da9e5f51048727-8c5142ea}\PROGRAM FILES (X86)\MICROSOFT\EDGEWEBVIEW\APPLICATION\124.0.2478.80\MSEDGEWEBVIEW2.EXE
2024-05-04 23:28:48,\VOLUME{01da9e5f51048727-8c5142ea}\PROGRAM FILES (X86)\MICROSOFT\EDGEWEBVIEW\APPLICATION\124.0.2478.80\MSEDGEWEBVIEW2.EXE
2024-05-04 22:49:53,\VOLUME{01da9e5f51048727-8c5142ea}\PROGRAM FILES (X86)\MICROSOFT\EDGEWEBVIEW\APPLICATION\124.0.2478.80\MSEDGEWEBVIEW2.EXE
2024-05-04 22:39:08,\VOLUME{01da9e5f51048727-8c5142ea}\PROGRAM FILES (X86)\MICROSOFT\EDGEWEBVIEW\APPLICATION\124.0.2478.80\MSEDGEWEBVIEW2.EXE
2024-05-04 19:29:32,\VOLUME{01da9e5f51048727-8c5142ea}\PROGRAM FILES (X86)\MICROSOFT\EDGEWEBVIEW\APPLICATION\124.0.2478.80\MSEDGEWEBVIEW2.EXE
2024-05-04 23:53:10,\VOLUME{01da9e5f51048727-8c5142ea}\WINDOWS\SYSTEM32\MSIEXEC.EXE
2024-05-04 21:09:32,\VOLUME{01da9e5f51048727-8c5142ea}\WINDOWS\SYSTEM32\MSIEXEC.EXE
2024-05-04 20:55:42,\VOLUME{01da9e5f51048727-8c5142ea}\WINDOWS\SYSTEM32\MSIEXEC.EXE
2024-05-04 20:53:45,\VOLUME{01da9e5f51048727-8c5142ea}\WINDOWS\SYSTEM32\MSIEXEC.EXE
2024-05-04 20:52:35,\VOLUME{01da9e5f51048727-8c5142ea}\WINDOWS\SYSTEM32\MSIEXEC.EXE
2024-05-04 20:46:01,\VOLUME{01da9e5f51048727-8c5142ea}\WINDOWS\SYSTEM32\MSIEXEC.EXE
2024-05-04 20:45:49,\VOLUME{01da9e5f51048727-8c5142ea}\WINDOWS\SYSTEM32\MSIEXEC.EXE
2024-05-04 20:44:03,\VOLUME{01da9e5f51048727-8c5142ea}\WINDOWS\SYSTEM32\MSIEXEC.EXE
2024-05-04 23:53:40,\VOLUME{01da9e5f51048727-8c5142ea}\WINDOWS\SYSWOW64\MSIEXEC.EXE
2024-05-04 23:53:38,\VOLUME{01da9e5f51048727-8c5142ea}\WINDOWS\SYSWOW64\MSIEXEC.EXE
2024-05-04 23:53:21,\VOLUME{01da9e5f51048727-8c5142ea}\WINDOWS\SYSWOW64\MSIEXEC.EXE
2024-05-04 23:01:08,\VOLUME{01da9e5f51048727-8c5142ea}\WINDOWS\MICROSOFT.NET\FRAMEWORK\V4.0.30319\NGEN.EXE
2024-05-04 19:34:19,\VOLUME{01da9e5f51048727-8c5142ea}\WINDOWS\MICROSOFT.NET\FRAMEWORK\V4.0.30319\NGEN.EXE
2024-05-04 23:01:07,\VOLUME{01da9e5f51048727-8c5142ea}\WINDOWS\MICROSOFT.NET\FRAMEWORK64\V4.0.30319\NGEN.EXE
2024-05-04 19:34:09,\VOLUME{01da9e5f51048727-8c5142ea}\WINDOWS\MICROSOFT.NET\FRAMEWORK64\V4.0.30319\NGEN.EXE
2024-05-04 23:01:05,\VOLUME{01da9e5f51048727-8c5142ea}\WINDOWS\MICROSOFT.NET\FRAMEWORK64\V4.0.30319\NGENTASK.EXE
2024-05-04 19:34:05,\VOLUME{01da9e5f51048727-8c5142ea}\WINDOWS\MICROSOFT.NET\FRAMEWORK64\V4.0.30319\NGENTASK.EXE
2024-05-04 23:01:05,\VOLUME{01da9e5f51048727-8c5142ea}\WINDOWS\MICROSOFT.NET\FRAMEWORK\V4.0.30319\NGENTASK.EXE
2024-05-04 19:34:06,\VOLUME{01da9e5f51048727-8c5142ea}\WINDOWS\MICROSOFT.NET\FRAMEWORK\V4.0.30319\NGENTASK.EXE
2024-05-04 22:37:23,\VOLUME{01da9e5f51048727-8c5142ea}\PROGRAM FILES\WINDOWS DEFENDER\NISSRV.EXE
2024-05-04 19:13:13,\VOLUME{01da9e5f51048727-8c5142ea}\PROGRAM FILES\WINDOWS DEFENDER\NISSRV.EXE
2024-05-04 18:49:31,\VOLUME{01da9e5f51048727-8c5142ea}\PROGRAM FILES\WINDOWS DEFENDER\NISSRV.EXE
2024-05-04 23:27:04,\VOLUME{01da9e5f51048727-8c5142ea}\PROGRAMDATA\MICROSOFT\WINDOWS DEFENDER\PLATFORM\4.18.24030.9-0\NISSRV.EXE
2024-05-04 22:49:13,\VOLUME{01da9e5f51048727-8c5142ea}\PROGRAMDATA\MICROSOFT\WINDOWS DEFENDER\PLATFORM\4.18.24030.9-0\NISSRV.EXE
2024-05-04 23:28:22,\VOLUME{01da9e5f51048727-8c5142ea}\USERS\RICK\APPDATA\LOCAL\MICROSOFT\ONEDRIVE\ONEDRIVE.EXE
2024-05-04 22:49:47,\VOLUME{01da9e5f51048727-8c5142ea}\USERS\RICK\APPDATA\LOCAL\MICROSOFT\ONEDRIVE\ONEDRIVE.EXE
2024-05-04 22:38:56,\VOLUME{01da9e5f51048727-8c5142ea}\USERS\RICK\APPDATA\LOCAL\MICROSOFT\ONEDRIVE\ONEDRIVE.EXE
2024-05-04 19:29:08,\VOLUME{01da9e5f51048727-8c5142ea}\USERS\RICK\APPDATA\LOCAL\MICROSOFT\ONEDRIVE\ONEDRIVE.EXE
2024-05-04 19:27:16,\VOLUME{01da9e5f51048727-8c5142ea}\USERS\RICK\APPDATA\LOCAL\MICROSOFT\ONEDRIVE\ONEDRIVE.EXE
2024-05-04 19:28:04,\VOLUME{01da9e5f51048727-8c5142ea}\USERS\RICK\APPDATA\LOCAL\MICROSOFT\ONEDRIVE\UPDATE\ONEDRIVESETUP.EXE
2024-05-04 19:28:01,\VOLUME{01da9e5f51048727-8c5142ea}\USERS\RICK\APPDATA\LOCAL\MICROSOFT\ONEDRIVE\UPDATE\ONEDRIVESETUP.EXE
2024-05-04 19:26:26,\VOLUME{01da9e5f51048727-8c5142ea}\WINDOWS\SYSTEM32\ONEDRIVESETUP.EXE
2024-05-04 19:26:11,\VOLUME{01da9e5f51048727-8c5142ea}\WINDOWS\SYSTEM32\ONEDRIVESETUP.EXE
2024-05-04 23:55:55,\VOLUME{01da9e5f51048727-8c5142ea}\PROGRAM FILES\WINDOWSAPPS\MICROSOFT.WINDOWSTERMINAL_1.12.10983.0_X64__8WEKYB3D8BBWE\OPENCONSOLE.EXE
2024-05-04 23:38:27,\VOLUME{01da9e5f51048727-8c5142ea}\PROGRAM FILES\WINDOWSAPPS\MICROSOFT.WINDOWSTERMINAL_1.12.10983.0_X64__8WEKYB3D8BBWE\OPENCONSOLE.EXE
2024-05-04 22:54:31,\VOLUME{01da9e5f51048727-8c5142ea}\PROGRAM FILES\WINDOWSAPPS\MICROSOFT.WINDOWSTERMINAL_1.12.10983.0_X64__8WEKYB3D8BBWE\OPENCONSOLE.EXE
2024-05-04 22:51:17,\VOLUME{01da9e5f51048727-8c5142ea}\PROGRAM FILES\WINDOWSAPPS\MICROSOFT.WINDOWSTERMINAL_1.12.10983.0_X64__8WEKYB3D8BBWE\OPENCONSOLE.EXE
2024-05-04 23:29:07,\VOLUME{01da9e5f51048727-8c5142ea}\USERS\RICK\APPDATA\LOCAL\PROGRAMS\OPERA\OPERA.EXE
2024-05-04 23:29:07,\VOLUME{01da9e5f51048727-8c5142ea}\USERS\RICK\APPDATA\LOCAL\PROGRAMS\OPERA\OPERA.EXE
2024-05-04 23:29:06,\VOLUME{01da9e5f51048727-8c5142ea}\USERS\RICK\APPDATA\LOCAL\PROGRAMS\OPERA\OPERA.EXE
2024-05-04 23:01:47,\VOLUME{01da9e5f51048727-8c5142ea}\USERS\RICK\APPDATA\LOCAL\PROGRAMS\OPERA\OPERA.EXE
2024-05-04 22:50:12,\VOLUME{01da9e5f51048727-8c5142ea}\USERS\RICK\APPDATA\LOCAL\PROGRAMS\OPERA\OPERA.EXE
2024-05-04 22:50:11,\VOLUME{01da9e5f51048727-8c5142ea}\USERS\RICK\APPDATA\LOCAL\PROGRAMS\OPERA\OPERA.EXE
2024-05-04 22:50:11,\VOLUME{01da9e5f51048727-8c5142ea}\USERS\RICK\APPDATA\LOCAL\PROGRAMS\OPERA\OPERA.EXE
2024-05-04 22:50:11,\VOLUME{01da9e5f51048727-8c5142ea}\USERS\RICK\APPDATA\LOCAL\PROGRAMS\OPERA\OPERA.EXE
2024-05-04 23:50:38,\VOLUME{01da9e5f51048727-8c5142ea}\USERS\RICK\APPDATA\LOCAL\PROGRAMS\OPERA\OPERA.EXE
2024-05-04 23:49:45,\VOLUME{01da9e5f51048727-8c5142ea}\USERS\RICK\APPDATA\LOCAL\PROGRAMS\OPERA\OPERA.EXE
2024-05-04 23:49:40,\VOLUME{01da9e5f51048727-8c5142ea}\USERS\RICK\APPDATA\LOCAL\PROGRAMS\OPERA\OPERA.EXE
2024-05-04 23:49:35,\VOLUME{01da9e5f51048727-8c5142ea}\USERS\RICK\APPDATA\LOCAL\PROGRAMS\OPERA\OPERA.EXE
2024-05-04 23:49:12,\VOLUME{01da9e5f51048727-8c5142ea}\USERS\RICK\APPDATA\LOCAL\PROGRAMS\OPERA\OPERA.EXE
2024-05-04 23:29:49,\VOLUME{01da9e5f51048727-8c5142ea}\USERS\RICK\APPDATA\LOCAL\PROGRAMS\OPERA\OPERA.EXE
2024-05-04 23:29:44,\VOLUME{01da9e5f51048727-8c5142ea}\USERS\RICK\APPDATA\LOCAL\PROGRAMS\OPERA\OPERA.EXE
2024-05-04 23:29:42,\VOLUME{01da9e5f51048727-8c5142ea}\USERS\RICK\APPDATA\LOCAL\PROGRAMS\OPERA\OPERA.EXE
2024-05-04 23:29:47,\VOLUME{01da9e5f51048727-8c5142ea}\USERS\RICK\APPDATA\LOCAL\PROGRAMS\OPERA\OPERA.EXE
2024-05-04 23:29:45,\VOLUME{01da9e5f51048727-8c5142ea}\USERS\RICK\APPDATA\LOCAL\PROGRAMS\OPERA\OPERA.EXE
2024-05-04 23:29:32,\VOLUME{01da9e5f51048727-8c5142ea}\USERS\RICK\APPDATA\LOCAL\PROGRAMS\OPERA\OPERA.EXE
2024-05-04 23:29:32,\VOLUME{01da9e5f51048727-8c5142ea}\USERS\RICK\APPDATA\LOCAL\PROGRAMS\OPERA\OPERA.EXE
2024-05-04 23:29:24,\VOLUME{01da9e5f51048727-8c5142ea}\USERS\RICK\APPDATA\LOCAL\PROGRAMS\OPERA\OPERA.EXE
2024-05-04 22:51:41,\VOLUME{01da9e5f51048727-8c5142ea}\USERS\RICK\APPDATA\LOCAL\PROGRAMS\OPERA\OPERA.EXE
2024-05-04 22:50:47,\VOLUME{01da9e5f51048727-8c5142ea}\USERS\RICK\APPDATA\LOCAL\PROGRAMS\OPERA\OPERA.EXE
2024-05-04 22:50:46,\VOLUME{01da9e5f51048727-8c5142ea}\USERS\RICK\APPDATA\LOCAL\PROGRAMS\OPERA\OPERA.EXE
2024-05-04 23:29:25,\VOLUME{01da9e5f51048727-8c5142ea}\USERS\RICK\APPDATA\LOCAL\PROGRAMS\OPERA\OPERA.EXE
2024-05-04 22:50:31,\VOLUME{01da9e5f51048727-8c5142ea}\USERS\RICK\APPDATA\LOCAL\PROGRAMS\OPERA\OPERA.EXE
2024-05-04 20:26:06,\VOLUME{01da9e5f51048727-8c5142ea}\USERS\RICK\APPDATA\LOCAL\PROGRAMS\OPERA\OPERA.EXE
2024-05-04 23:51:07,\VOLUME{01da9e5f51048727-8c5142ea}\USERS\RICK\APPDATA\LOCAL\PROGRAMS\OPERA\OPERA.EXE
2024-05-04 23:51:07,\VOLUME{01da9e5f51048727-8c5142ea}\USERS\RICK\APPDATA\LOCAL\PROGRAMS\OPERA\OPERA.EXE
2024-05-04 23:50:41,\VOLUME{01da9e5f51048727-8c5142ea}\USERS\RICK\APPDATA\LOCAL\PROGRAMS\OPERA\OPERA.EXE
2024-05-04 23:50:25,\VOLUME{01da9e5f51048727-8c5142ea}\USERS\RICK\APPDATA\LOCAL\PROGRAMS\OPERA\OPERA.EXE
2024-05-04 23:49:33,\VOLUME{01da9e5f51048727-8c5142ea}\USERS\RICK\APPDATA\LOCAL\PROGRAMS\OPERA\OPERA.EXE
2024-05-04 23:49:31,\VOLUME{01da9e5f51048727-8c5142ea}\USERS\RICK\APPDATA\LOCAL\PROGRAMS\OPERA\OPERA.EXE
2024-05-04 23:49:23,\VOLUME{01da9e5f51048727-8c5142ea}\USERS\RICK\APPDATA\LOCAL\PROGRAMS\OPERA\OPERA.EXE
2024-05-04 23:49:18,\VOLUME{01da9e5f51048727-8c5142ea}\USERS\RICK\APPDATA\LOCAL\PROGRAMS\OPERA\OPERA.EXE
2024-05-04 19:49:07,\VOLUME{01da9e5f51048727-8c5142ea}\USERS\RICK\APPDATA\LOCAL\TEMP\.OPERA\OPERA INSTALLER TEMP\OPERASETUP.EXE
2024-05-04 19:49:08,\VOLUME{01da9e5f51048727-8c5142ea}\USERS\RICK\.OPERA\OPERA INSTALLER TEMP\OPERASETUP.EXE
2024-05-04 19:50:57,\VOLUME{01da9e5f51048727-8c5142ea}\USERS\RICK\DOWNLOADS\OPERASETUP.EXE
2024-05-04 19:48:50,\VOLUME{01da9e5f51048727-8c5142ea}\USERS\RICK\DOWNLOADS\OPERASETUP.EXE
2024-05-04 19:48:50,\VOLUME{01da9e5f51048727-8c5142ea}\USERS\RICK\DOWNLOADS\OPERASETUP.EXE
2024-05-04 19:48:49,\VOLUME{01da9e5f51048727-8c5142ea}\USERS\RICK\DOWNLOADS\OPERASETUP.EXE
2024-05-04 19:51:07,\VOLUME{01da9e5f51048727-8c5142ea}\USERS\RICK\DOWNLOADS\OPERASETUP.EXE
2024-05-04 19:48:54,\VOLUME{01da9e5f51048727-8c5142ea}\USERS\RICK\DOWNLOADS\OPERASETUP.EXE
2024-05-04 19:48:54,\VOLUME{01da9e5f51048727-8c5142ea}\USERS\RICK\DOWNLOADS\OPERASETUP.EXE
2024-05-04 19:48:51,\VOLUME{01da9e5f51048727-8c5142ea}\USERS\RICK\DOWNLOADS\OPERASETUP.EXE
2024-05-04 19:49:02,\VOLUME{01da9e5f51048727-8c5142ea}\USERS\RICK\DOWNLOADS\.OPERA\OPERA INSTALLER TEMP\OPERASETUP.EXE
2024-05-04 23:49:41,\VOLUME{01da9e5f51048727-8c5142ea}\USERS\RICK\APPDATA\LOCAL\PROGRAMS\OPERA\AUTOUPDATE\OPERA_AUTOUPDATE.EXE
2024-05-04 23:37:44,\VOLUME{01da9e5f51048727-8c5142ea}\USERS\RICK\APPDATA\LOCAL\PROGRAMS\OPERA\AUTOUPDATE\OPERA_AUTOUPDATE.EXE
2024-05-04 23:29:53,\VOLUME{01da9e5f51048727-8c5142ea}\USERS\RICK\APPDATA\LOCAL\PROGRAMS\OPERA\AUTOUPDATE\OPERA_AUTOUPDATE.EXE
2024-05-04 23:03:55,\VOLUME{01da9e5f51048727-8c5142ea}\USERS\RICK\APPDATA\LOCAL\PROGRAMS\OPERA\AUTOUPDATE\OPERA_AUTOUPDATE.EXE
2024-05-04 22:51:18,\VOLUME{01da9e5f51048727-8c5142ea}\USERS\RICK\APPDATA\LOCAL\PROGRAMS\OPERA\AUTOUPDATE\OPERA_AUTOUPDATE.EXE
2024-05-04 21:29:02,\VOLUME{01da9e5f51048727-8c5142ea}\USERS\RICK\APPDATA\LOCAL\PROGRAMS\OPERA\AUTOUPDATE\OPERA_AUTOUPDATE.EXE
2024-05-04 20:52:19,\VOLUME{01da9e5f51048727-8c5142ea}\USERS\RICK\APPDATA\LOCAL\PROGRAMS\OPERA\AUTOUPDATE\OPERA_AUTOUPDATE.EXE
2024-05-04 20:51:42,\VOLUME{01da9e5f51048727-8c5142ea}\USERS\RICK\APPDATA\LOCAL\PROGRAMS\OPERA\AUTOUPDATE\OPERA_AUTOUPDATE.EXE
2024-05-04 23:49:46,\VOLUME{01da9e5f51048727-8c5142ea}\USERS\RICK\APPDATA\LOCAL\PROGRAMS\OPERA\AUTOUPDATE\OPERA_AUTOUPDATE.EXE
2024-05-04 23:37:44,\VOLUME{01da9e5f51048727-8c5142ea}\USERS\RICK\APPDATA\LOCAL\PROGRAMS\OPERA\AUTOUPDATE\OPERA_AUTOUPDATE.EXE
2024-05-04 23:29:54,\VOLUME{01da9e5f51048727-8c5142ea}\USERS\RICK\APPDATA\LOCAL\PROGRAMS\OPERA\AUTOUPDATE\OPERA_AUTOUPDATE.EXE
2024-05-04 23:03:55,\VOLUME{01da9e5f51048727-8c5142ea}\USERS\RICK\APPDATA\LOCAL\PROGRAMS\OPERA\AUTOUPDATE\OPERA_AUTOUPDATE.EXE
2024-05-04 22:51:19,\VOLUME{01da9e5f51048727-8c5142ea}\USERS\RICK\APPDATA\LOCAL\PROGRAMS\OPERA\AUTOUPDATE\OPERA_AUTOUPDATE.EXE
2024-05-04 21:29:02,\VOLUME{01da9e5f51048727-8c5142ea}\USERS\RICK\APPDATA\LOCAL\PROGRAMS\OPERA\AUTOUPDATE\OPERA_AUTOUPDATE.EXE
2024-05-04 20:52:22,\VOLUME{01da9e5f51048727-8c5142ea}\USERS\RICK\APPDATA\LOCAL\PROGRAMS\OPERA\AUTOUPDATE\OPERA_AUTOUPDATE.EXE
2024-05-04 20:51:53,\VOLUME{01da9e5f51048727-8c5142ea}\USERS\RICK\APPDATA\LOCAL\PROGRAMS\OPERA\AUTOUPDATE\OPERA_AUTOUPDATE.EXE
2024-05-04 23:29:07,\VOLUME{01da9e5f51048727-8c5142ea}\USERS\RICK\APPDATA\LOCAL\PROGRAMS\OPERA\109.0.5097.68\OPERA_CRASHREPORTER.EXE
2024-05-04 23:29:07,\VOLUME{01da9e5f51048727-8c5142ea}\USERS\RICK\APPDATA\LOCAL\PROGRAMS\OPERA\109.0.5097.68\OPERA_CRASHREPORTER.EXE
2024-05-04 23:29:06,\VOLUME{01da9e5f51048727-8c5142ea}\USERS\RICK\APPDATA\LOCAL\PROGRAMS\OPERA\109.0.5097.68\OPERA_CRASHREPORTER.EXE
2024-05-04 23:01:50,\VOLUME{01da9e5f51048727-8c5142ea}\USERS\RICK\APPDATA\LOCAL\PROGRAMS\OPERA\109.0.5097.68\OPERA_CRASHREPORTER.EXE
2024-05-04 22:50:12,\VOLUME{01da9e5f51048727-8c5142ea}\USERS\RICK\APPDATA\LOCAL\PROGRAMS\OPERA\109.0.5097.68\OPERA_CRASHREPORTER.EXE
2024-05-04 22:50:12,\VOLUME{01da9e5f51048727-8c5142ea}\USERS\RICK\APPDATA\LOCAL\PROGRAMS\OPERA\109.0.5097.68\OPERA_CRASHREPORTER.EXE
2024-05-04 22:50:11,\VOLUME{01da9e5f51048727-8c5142ea}\USERS\RICK\APPDATA\LOCAL\PROGRAMS\OPERA\109.0.5097.68\OPERA_CRASHREPORTER.EXE
2024-05-04 22:50:11,\VOLUME{01da9e5f51048727-8c5142ea}\USERS\RICK\APPDATA\LOCAL\PROGRAMS\OPERA\109.0.5097.68\OPERA_CRASHREPORTER.EXE
2024-05-04 23:27:03,\VOLUME{01da9e5f51048727-8c5142ea}\WINDOWS\SYSTEM32\PCAUI.EXE
2024-05-04 22:38:49,\VOLUME{01da9e5f51048727-8c5142ea}\WINDOWS\SYSTEM32\PCAUI.EXE
2024-05-04 19:13:14,\VOLUME{01da9e5f51048727-8c5142ea}\WINDOWS\SYSTEM32\PCAUI.EXE
2024-05-04 19:00:46,\VOLUME{01da9e5f51048727-8c5142ea}\WINDOWS\SYSTEM32\PCAUI.EXE
2024-05-04 18:50:42,\VOLUME{01da9e5f51048727-8c5142ea}\WINDOWS\SYSTEM32\PCAUI.EXE
2024-05-04 23:56:38,\VOLUME{01da9e5f51048727-8c5142ea}\USERS\RICK\DESKTOP\NET6\PECMD.EXE
2024-05-04 23:53:53,\VOLUME{01da9e5f51048727-8c5142ea}\USERS\RICK\DESKTOP\NET6\PECMD.EXE
2024-05-04 23:48:29,\VOLUME{01da9e5f51048727-8c5142ea}\USERS\RICK\DESKTOP\NET6\PECMD.EXE
2024-05-04 23:11:55,\VOLUME{01da9e5f51048727-8c5142ea}\WINDOWS\SYSTEM32\POQEXEC.EXE
2024-05-04 23:55:55,\VOLUME{01da9e5f51048727-8c5142ea}\WINDOWS\SYSTEM32\WINDOWSPOWERSHELL\V1.0\POWERSHELL.EXE
2024-05-04 23:39:10,\VOLUME{01da9e5f51048727-8c5142ea}\WINDOWS\SYSTEM32\WINDOWSPOWERSHELL\V1.0\POWERSHELL.EXE
2024-05-04 23:38:27,\VOLUME{01da9e5f51048727-8c5142ea}\WINDOWS\SYSTEM32\WINDOWSPOWERSHELL\V1.0\POWERSHELL.EXE
2024-05-04 22:54:44,\VOLUME{01da9e5f51048727-8c5142ea}\WINDOWS\SYSTEM32\WINDOWSPOWERSHELL\V1.0\POWERSHELL.EXE
2024-05-04 19:45:05,\VOLUME{01da9e5f51048727-8c5142ea}\WINDOWS\SYSTEM32\PROVTOOL.EXE
2024-05-04 21:09:39,\VOLUME{01da9e5f51048727-8c5142ea}\WINDOWS\SYSWOW64\REGSVR32.EXE
2024-05-04 21:09:43,\VOLUME{01da9e5f51048727-8c5142ea}\WINDOWS\SYSTEM32\REGSVR32.EXE
2024-05-04 21:09:37,\VOLUME{01da9e5f51048727-8c5142ea}\WINDOWS\SYSTEM32\REGSVR32.EXE
2024-05-04 23:37:13,\VOLUME{01da9e5f51048727-8c5142ea}\WINDOWS\SYSTEM32\RUNDLL32.EXE
2024-05-04 22:54:13,\VOLUME{01da9e5f51048727-8c5142ea}\WINDOWS\SYSTEM32\RUNDLL32.EXE
2024-05-04 19:48:15,\VOLUME{01da9e5f51048727-8c5142ea}\WINDOWS\SYSTEM32\RUNDLL32.EXE
2024-05-04 22:53:17,\VOLUME{01da9e5f51048727-8c5142ea}\WINDOWS\SYSTEM32\RUNTIMEBROKER.EXE
2024-05-04 19:45:38,\VOLUME{01da9e5f51048727-8c5142ea}\WINDOWS\SYSTEM32\RUNTIMEBROKER.EXE
2024-05-04 19:26:22,\VOLUME{01da9e5f51048727-8c5142ea}\WINDOWS\SYSTEM32\RUNTIMEBROKER.EXE
2024-05-04 23:32:31,\VOLUME{01da9e5f51048727-8c5142ea}\WINDOWS\SYSTEM32\RUNTIMEBROKER.EXE
2024-05-04 22:53:52,\VOLUME{01da9e5f51048727-8c5142ea}\WINDOWS\SYSTEM32\RUNTIMEBROKER.EXE
2024-05-04 22:53:05,\VOLUME{01da9e5f51048727-8c5142ea}\WINDOWS\SYSTEM32\RUNTIMEBROKER.EXE
2024-05-04 19:43:09,\VOLUME{01da9e5f51048727-8c5142ea}\WINDOWS\SYSTEM32\RUNTIMEBROKER.EXE
2024-05-04 19:31:19,\VOLUME{01da9e5f51048727-8c5142ea}\WINDOWS\SYSTEM32\RUNTIMEBROKER.EXE
2024-05-04 19:27:40,\VOLUME{01da9e5f51048727-8c5142ea}\WINDOWS\SYSTEM32\RUNTIMEBROKER.EXE
2024-05-04 19:25:52,\VOLUME{01da9e5f51048727-8c5142ea}\WINDOWS\SYSTEM32\RUNTIMEBROKER.EXE
2024-05-04 19:22:22,\VOLUME{01da9e5f51048727-8c5142ea}\WINDOWS\SYSTEM32\RUNTIMEBROKER.EXE
2024-05-04 23:28:12,\VOLUME{01da9e5f51048727-8c5142ea}\WINDOWS\SYSTEM32\RUNTIMEBROKER.EXE
2024-05-04 22:50:23,\VOLUME{01da9e5f51048727-8c5142ea}\WINDOWS\SYSTEM32\RUNTIMEBROKER.EXE
2024-05-04 20:24:06,\VOLUME{01da9e5f51048727-8c5142ea}\WINDOWS\SYSTEM32\RUNTIMEBROKER.EXE
2024-05-04 19:29:04,\VOLUME{01da9e5f51048727-8c5142ea}\WINDOWS\SYSTEM32\RUNTIMEBROKER.EXE
2024-05-04 22:48:38,\VOLUME{01da9e5f51048727-8c5142ea}\WINDOWS\SYSTEM32\RUNTIMEBROKER.EXE
2024-05-04 19:45:39,\VOLUME{01da9e5f51048727-8c5142ea}\WINDOWS\SYSTEM32\RUNTIMEBROKER.EXE
2024-05-04 20:32:26,\VOLUME{01da9e5f51048727-8c5142ea}\WINDOWS\SYSTEM32\RUNTIMEBROKER.EXE
2024-05-04 23:38:26,\VOLUME{01da9e5f51048727-8c5142ea}\WINDOWS\SYSTEM32\RUNTIMEBROKER.EXE
2024-05-04 19:45:58,\VOLUME{01da9e5f51048727-8c5142ea}\WINDOWS\SYSTEM32\RUNTIMEBROKER.EXE
2024-05-04 19:13:32,\VOLUME{01da9e5f51048727-8c5142ea}\WINDOWS\SYSTEM32\RUNTIMEBROKER.EXE
2024-05-04 19:01:30,\VOLUME{01da9e5f51048727-8c5142ea}\WINDOWS\SYSTEM32\RUNTIMEBROKER.EXE
2024-05-04 18:51:58,\VOLUME{01da9e5f51048727-8c5142ea}\WINDOWS\SYSTEM32\RUNTIMEBROKER.EXE
2024-05-04 23:56:07,\VOLUME{01da9e5f51048727-8c5142ea}\WINDOWS\SYSTEM32\RUNTIMEBROKER.EXE
2024-05-04 21:19:30,\VOLUME{01da9e5f51048727-8c5142ea}\WINDOWS\SYSTEM32\RUNTIMEBROKER.EXE
2024-05-04 21:08:34,\VOLUME{01da9e5f51048727-8c5142ea}\WINDOWS\SYSTEM32\RUNTIMEBROKER.EXE
2024-05-04 20:57:00,\VOLUME{01da9e5f51048727-8c5142ea}\WINDOWS\SYSTEM32\RUNTIMEBROKER.EXE
2024-05-04 20:32:28,\VOLUME{01da9e5f51048727-8c5142ea}\WINDOWS\SYSTEM32\RUNTIMEBROKER.EXE
2024-05-04 19:48:22,\VOLUME{01da9e5f51048727-8c5142ea}\WINDOWS\SYSTEM32\RUNTIMEBROKER.EXE
2024-05-04 23:26:30,\VOLUME{01da9e5f51048727-8c5142ea}\WINDOWS\SYSTEM32\RUNTIMEBROKER.EXE
2024-05-04 23:21:35,\VOLUME{01da9e5f51048727-8c5142ea}\WINDOWS\SYSTEM32\RUNTIMEBROKER.EXE
2024-05-04 22:48:18,\VOLUME{01da9e5f51048727-8c5142ea}\WINDOWS\SYSTEM32\RUNTIMEBROKER.EXE
2024-05-04 22:37:15,\VOLUME{01da9e5f51048727-8c5142ea}\WINDOWS\SYSTEM32\RUNTIMEBROKER.EXE
2024-05-04 19:22:16,\VOLUME{01da9e5f51048727-8c5142ea}\WINDOWS\SYSTEM32\RUNTIMEBROKER.EXE
2024-05-04 23:55:26,\VOLUME{01da9e5f51048727-8c5142ea}\WINDOWS\SYSTEM32\RUNTIMEBROKER.EXE
2024-05-04 23:38:12,\VOLUME{01da9e5f51048727-8c5142ea}\WINDOWS\SYSTEM32\RUNTIMEBROKER.EXE
2024-05-04 23:32:22,\VOLUME{01da9e5f51048727-8c5142ea}\WINDOWS\SYSTEM32\RUNTIMEBROKER.EXE
2024-05-04 23:27:13,\VOLUME{01da9e5f51048727-8c5142ea}\WINDOWS\SYSTEM32\RUNTIMEBROKER.EXE
2024-05-04 23:05:11,\VOLUME{01da9e5f51048727-8c5142ea}\WINDOWS\SYSTEM32\RUNTIMEBROKER.EXE
2024-05-04 22:52:27,\VOLUME{01da9e5f51048727-8c5142ea}\WINDOWS\SYSTEM32\RUNTIMEBROKER.EXE
2024-05-04 22:38:30,\VOLUME{01da9e5f51048727-8c5142ea}\WINDOWS\SYSTEM32\RUNTIMEBROKER.EXE
2024-05-04 22:37:32,\VOLUME{01da9e5f51048727-8c5142ea}\WINDOWS\SYSTEM32\RUNTIMEBROKER.EXE
2024-05-04 23:26:29,\VOLUME{01da9e5f51048727-8c5142ea}\WINDOWS\SYSTEM32\RUNTIMEBROKER.EXE
2024-05-04 23:21:34,\VOLUME{01da9e5f51048727-8c5142ea}\WINDOWS\SYSTEM32\RUNTIMEBROKER.EXE
2024-05-04 22:37:14,\VOLUME{01da9e5f51048727-8c5142ea}\WINDOWS\SYSTEM32\RUNTIMEBROKER.EXE
2024-05-04 19:22:18,\VOLUME{01da9e5f51048727-8c5142ea}\WINDOWS\SYSTEM32\RUNTIMEBROKER.EXE
2024-05-04 23:55:12,\VOLUME{01da9e5f51048727-8c5142ea}\WINDOWS\SYSTEM32\RUNTIMEBROKER.EXE
2024-05-04 22:53:48,\VOLUME{01da9e5f51048727-8c5142ea}\WINDOWS\SYSTEM32\RUNTIMEBROKER.EXE
2024-05-04 22:39:27,\VOLUME{01da9e5f51048727-8c5142ea}\WINDOWS\SYSTEM32\RUNTIMEBROKER.EXE
2024-05-04 22:39:27,\VOLUME{01da9e5f51048727-8c5142ea}\WINDOWS\SYSTEM32\RUNTIMEBROKER.EXE
2024-05-04 22:39:27,\VOLUME{01da9e5f51048727-8c5142ea}\WINDOWS\SYSTEM32\RUNTIMEBROKER.EXE
2024-05-04 22:39:27,\VOLUME{01da9e5f51048727-8c5142ea}\WINDOWS\SYSTEM32\RUNTIMEBROKER.EXE
2024-05-04 22:39:27,\VOLUME{01da9e5f51048727-8c5142ea}\WINDOWS\SYSTEM32\RUNTIMEBROKER.EXE
2024-05-04 22:39:27,\VOLUME{01da9e5f51048727-8c5142ea}\WINDOWS\SYSTEM32\RUNTIMEBROKER.EXE
2024-05-04 19:52:13,\VOLUME{01da9e5f51048727-8c5142ea}\WINDOWS\SYSTEM32\RUNTIMEBROKER.EXE
2024-05-04 21:14:13,\VOLUME{01da9e5f51048727-8c5142ea}\WINDOWS\SYSTEM32\SDBINST.EXE
2024-05-04 20:13:15,\VOLUME{01da9e5f51048727-8c5142ea}\WINDOWS\SYSTEM32\SDBINST.EXE
2024-05-04 23:48:06,\VOLUME{01da9e5f51048727-8c5142ea}\WINDOWS\SYSTEM32\SEARCHFILTERHOST.EXE
2024-05-04 22:54:43,\VOLUME{01da9e5f51048727-8c5142ea}\WINDOWS\SYSTEM32\SEARCHFILTERHOST.EXE
2024-05-04 21:33:01,\VOLUME{01da9e5f51048727-8c5142ea}\WINDOWS\SYSTEM32\SEARCHFILTERHOST.EXE
2024-05-04 21:33:00,\VOLUME{01da9e5f51048727-8c5142ea}\WINDOWS\SYSTEM32\SEARCHFILTERHOST.EXE
2024-05-04 21:29:04,\VOLUME{01da9e5f51048727-8c5142ea}\WINDOWS\SYSTEM32\SEARCHFILTERHOST.EXE
2024-05-04 21:14:08,\VOLUME{01da9e5f51048727-8c5142ea}\WINDOWS\SYSTEM32\SEARCHFILTERHOST.EXE
2024-05-04 21:07:22,\VOLUME{01da9e5f51048727-8c5142ea}\WINDOWS\SYSTEM32\SEARCHFILTERHOST.EXE
2024-05-04 20:59:09,\VOLUME{01da9e5f51048727-8c5142ea}\WINDOWS\SYSTEM32\SEARCHFILTERHOST.EXE
2024-05-04 23:26:28,\VOLUME{01da9e5f51048727-8c5142ea}\WINDOWS\SYSTEMAPPS\MICROSOFTWINDOWS.CLIENT.CBS_CW5N1H2TXYEWY\SEARCHHOST.EXE
2024-05-04 23:21:31,\VOLUME{01da9e5f51048727-8c5142ea}\WINDOWS\SYSTEMAPPS\MICROSOFTWINDOWS.CLIENT.CBS_CW5N1H2TXYEWY\SEARCHHOST.EXE
2024-05-04 22:37:10,\VOLUME{01da9e5f51048727-8c5142ea}\WINDOWS\SYSTEMAPPS\MICROSOFTWINDOWS.CLIENT.CBS_CW5N1H2TXYEWY\SEARCHHOST.EXE
2024-05-04 19:22:14,\VOLUME{01da9e5f51048727-8c5142ea}\WINDOWS\SYSTEMAPPS\MICROSOFTWINDOWS.CLIENT.CBS_CW5N1H2TXYEWY\SEARCHHOST.EXE
2024-05-04 23:28:15,\VOLUME{01da9e5f51048727-8c5142ea}\WINDOWS\SYSTEM32\SEARCHINDEXER.EXE
2024-05-04 19:36:03,\VOLUME{01da9e5f51048727-8c5142ea}\WINDOWS\SYSTEM32\SEARCHINDEXER.EXE
2024-05-04 23:48:01,\VOLUME{01da9e5f51048727-8c5142ea}\WINDOWS\SYSTEM32\SEARCHPROTOCOLHOST.EXE
2024-05-04 23:47:56,\VOLUME{01da9e5f51048727-8c5142ea}\WINDOWS\SYSTEM32\SEARCHPROTOCOLHOST.EXE
2024-05-04 23:12:01,\VOLUME{01da9e5f51048727-8c5142ea}\WINDOWS\SYSTEM32\SEARCHPROTOCOLHOST.EXE
2024-05-04 23:07:04,\VOLUME{01da9e5f51048727-8c5142ea}\WINDOWS\SYSTEM32\SEARCHPROTOCOLHOST.EXE
2024-05-04 22:54:43,\VOLUME{01da9e5f51048727-8c5142ea}\WINDOWS\SYSTEM32\SEARCHPROTOCOLHOST.EXE
2024-05-04 22:54:37,\VOLUME{01da9e5f51048727-8c5142ea}\WINDOWS\SYSTEM32\SEARCHPROTOCOLHOST.EXE
2024-05-04 21:31:58,\VOLUME{01da9e5f51048727-8c5142ea}\WINDOWS\SYSTEM32\SEARCHPROTOCOLHOST.EXE
2024-05-04 21:25:51,\VOLUME{01da9e5f51048727-8c5142ea}\WINDOWS\SYSTEM32\SEARCHPROTOCOLHOST.EXE
2024-05-04 22:53:08,\VOLUME{01da9e5f51048727-8c5142ea}\PROGRAM FILES\WINDOWSAPPS\MICROSOFT.SECHEALTHUI_1000.25992.9000.0_X64__8WEKYB3D8BBWE\SECHEALTHUI.EXE
2024-05-04 22:37:57,\VOLUME{01da9e5f51048727-8c5142ea}\PROGRAM FILES\WINDOWSAPPS\MICROSOFT.SECHEALTHUI_1000.25992.9000.0_X64__8WEKYB3D8BBWE\SECHEALTHUI.EXE
2024-05-04 19:35:51,\VOLUME{01da9e5f51048727-8c5142ea}\WINDOWS\SYSTEM32\SECURITYHEALTHHOST.EXE
2024-05-04 23:37:27,\VOLUME{01da9e5f51048727-8c5142ea}\WINDOWS\SYSTEM32\SECURITYHEALTH\1.0.2402.27001-0\SECURITYHEALTHHOST.EXE
2024-05-04 23:29:21,\VOLUME{01da9e5f51048727-8c5142ea}\WINDOWS\SYSTEM32\SECURITYHEALTH\1.0.2402.27001-0\SECURITYHEALTHHOST.EXE
2024-05-04 22:58:48,\VOLUME{01da9e5f51048727-8c5142ea}\WINDOWS\SYSTEM32\SECURITYHEALTH\1.0.2402.27001-0\SECURITYHEALTHHOST.EXE
2024-05-04 22:53:13,\VOLUME{01da9e5f51048727-8c5142ea}\WINDOWS\SYSTEM32\SECURITYHEALTH\1.0.2402.27001-0\SECURITYHEALTHHOST.EXE
2024-05-04 22:51:35,\VOLUME{01da9e5f51048727-8c5142ea}\WINDOWS\SYSTEM32\SECURITYHEALTH\1.0.2402.27001-0\SECURITYHEALTHHOST.EXE
2024-05-04 22:49:30,\VOLUME{01da9e5f51048727-8c5142ea}\WINDOWS\SYSTEM32\SECURITYHEALTH\1.0.2402.27001-0\SECURITYHEALTHHOST.EXE
2024-05-04 22:39:28,\VOLUME{01da9e5f51048727-8c5142ea}\WINDOWS\SYSTEM32\SECURITYHEALTH\1.0.2402.27001-0\SECURITYHEALTHHOST.EXE
2024-05-04 22:39:23,\VOLUME{01da9e5f51048727-8c5142ea}\WINDOWS\SYSTEM32\SECURITYHEALTH\1.0.2402.27001-0\SECURITYHEALTHHOST.EXE
2024-05-04 23:27:21,\VOLUME{01da9e5f51048727-8c5142ea}\WINDOWS\SYSTEM32\SECURITYHEALTHSERVICE.EXE
2024-05-04 22:48:46,\VOLUME{01da9e5f51048727-8c5142ea}\WINDOWS\SYSTEM32\SECURITYHEALTHSERVICE.EXE
2024-05-04 22:37:55,\VOLUME{01da9e5f51048727-8c5142ea}\WINDOWS\SYSTEM32\SECURITYHEALTHSERVICE.EXE
2024-05-04 21:31:16,\VOLUME{01da9e5f51048727-8c5142ea}\WINDOWS\SYSTEM32\SECURITYHEALTH\SECURITYHEALTHSETUP.EXE
2024-05-04 23:27:19,\VOLUME{01da9e5f51048727-8c5142ea}\WINDOWS\SYSTEM32\SECURITYHEALTHSYSTRAY.EXE
2024-05-04 22:48:46,\VOLUME{01da9e5f51048727-8c5142ea}\WINDOWS\SYSTEM32\SECURITYHEALTHSYSTRAY.EXE
2024-05-04 22:37:55,\VOLUME{01da9e5f51048727-8c5142ea}\WINDOWS\SYSTEM32\SECURITYHEALTHSYSTRAY.EXE
2024-05-04 19:25:31,\VOLUME{01da9e5f51048727-8c5142ea}\WINDOWS\SYSTEM32\SECURITYHEALTHSYSTRAY.EXE
2024-05-04 19:26:11,\VOLUME{01da9e5f51048727-8c5142ea}\PROGRAM FILES (X86)\MICROSOFT\EDGE\APPLICATION\124.0.2478.80\INSTALLER\SETUP.EXE
2024-05-04 19:26:11,\VOLUME{01da9e5f51048727-8c5142ea}\PROGRAM FILES (X86)\MICROSOFT\EDGE\APPLICATION\124.0.2478.80\INSTALLER\SETUP.EXE
2024-05-04 19:21:11,\VOLUME{01da9e5f51048727-8c5142ea}\PROGRAM FILES (X86)\MICROSOFT\EDGE\APPLICATION\124.0.2478.80\INSTALLER\SETUP.EXE
2024-05-04 19:20:51,\VOLUME{01da9e5f51048727-8c5142ea}\PROGRAM FILES (X86)\MICROSOFT\EDGE\APPLICATION\124.0.2478.80\INSTALLER\SETUP.EXE
2024-05-04 19:20:47,\VOLUME{01da9e5f51048727-8c5142ea}\PROGRAM FILES (X86)\MICROSOFT\EDGE\APPLICATION\124.0.2478.80\INSTALLER\SETUP.EXE
2024-05-04 19:00:34,\VOLUME{01da9e5f51048727-8c5142ea}\PROGRAM FILES (X86)\MICROSOFT\EDGE\APPLICATION\124.0.2478.80\INSTALLER\SETUP.EXE
2024-05-04 19:26:11,\VOLUME{01da9e5f51048727-8c5142ea}\PROGRAM FILES (X86)\MICROSOFT\EDGE\APPLICATION\124.0.2478.80\INSTALLER\SETUP.EXE
2024-05-04 19:26:11,\VOLUME{01da9e5f51048727-8c5142ea}\PROGRAM FILES (X86)\MICROSOFT\EDGE\APPLICATION\124.0.2478.80\INSTALLER\SETUP.EXE
2024-05-04 19:21:12,\VOLUME{01da9e5f51048727-8c5142ea}\PROGRAM FILES (X86)\MICROSOFT\EDGE\APPLICATION\124.0.2478.80\INSTALLER\SETUP.EXE
2024-05-04 19:20:54,\VOLUME{01da9e5f51048727-8c5142ea}\PROGRAM FILES (X86)\MICROSOFT\EDGE\APPLICATION\124.0.2478.80\INSTALLER\SETUP.EXE
2024-05-04 19:20:48,\VOLUME{01da9e5f51048727-8c5142ea}\PROGRAM FILES (X86)\MICROSOFT\EDGE\APPLICATION\124.0.2478.80\INSTALLER\SETUP.EXE
2024-05-04 19:00:35,\VOLUME{01da9e5f51048727-8c5142ea}\PROGRAM FILES (X86)\MICROSOFT\EDGE\APPLICATION\124.0.2478.80\INSTALLER\SETUP.EXE
2024-05-04 19:03:38,\VOLUME{01da9e5f51048727-8c5142ea}\PROGRAM FILES (X86)\MICROSOFT\EDGEUPDATE\INSTALL\{8837581C-50E9-448E-BC81-40AD58F1F524}\EDGEMITMP_DC82F.TMP\SETUP.EXE
2024-05-04 19:03:39,\VOLUME{01da9e5f51048727-8c5142ea}\PROGRAM FILES (X86)\MICROSOFT\EDGEUPDATE\INSTALL\{8837581C-50E9-448E-BC81-40AD58F1F524}\EDGEMITMP_DC82F.TMP\SETUP.EXE
2024-05-04 19:00:31,\VOLUME{01da9e5f51048727-8c5142ea}\PROGRAM FILES (X86)\MICROSOFT\EDGEUPDATE\INSTALL\{D0A33CA0-1DD6-42E0-AE33-9853F376E82C}\EDGEMITMP_F3487.TMP\SETUP.EXE
2024-05-04 18:57:47,\VOLUME{01da9e5f51048727-8c5142ea}\PROGRAM FILES (X86)\MICROSOFT\EDGEUPDATE\INSTALL\{D0A33CA0-1DD6-42E0-AE33-9853F376E82C}\EDGEMITMP_F3487.TMP\SETUP.EXE
2024-05-04 19:00:31,\VOLUME{01da9e5f51048727-8c5142ea}\PROGRAM FILES (X86)\MICROSOFT\EDGEUPDATE\INSTALL\{D0A33CA0-1DD6-42E0-AE33-9853F376E82C}\EDGEMITMP_F3487.TMP\SETUP.EXE
2024-05-04 18:57:47,\VOLUME{01da9e5f51048727-8c5142ea}\PROGRAM FILES (X86)\MICROSOFT\EDGEUPDATE\INSTALL\{D0A33CA0-1DD6-42E0-AE33-9853F376E82C}\EDGEMITMP_F3487.TMP\SETUP.EXE
2024-05-04 19:45:28,\VOLUME{01da9e5f51048727-8c5142ea}\PROGRAM FILES (X86)\MICROSOFT\EDGE\APPLICATION\100.0.1185.36\INSTALLER\SETUP.EXE
2024-05-04 19:45:19,\VOLUME{01da9e5f51048727-8c5142ea}\PROGRAM FILES (X86)\MICROSOFT\EDGE\APPLICATION\100.0.1185.36\INSTALLER\SETUP.EXE
2024-05-04 22:54:31,\VOLUME{01da9e5f51048727-8c5142ea}\USERS\RICK\DOWNLOADS\SFLGDQSFHBL.EXE
2024-05-04 22:54:30,\VOLUME{01da9e5f51048727-8c5142ea}\USERS\RICK\DOWNLOADS\SFLGDQSFHBL.EXE
2024-05-04 22:39:24,\VOLUME{01da9e5f51048727-8c5142ea}\WINDOWS\SYSTEMAPPS\SHELLEXPERIENCEHOST_CW5N1H2TXYEWY\SHELLEXPERIENCEHOST.EXE
2024-05-04 19:19:24,\VOLUME{01da9e5f51048727-8c5142ea}\WINDOWS\SYSTEM32\SIHOST.EXE
2024-05-04 19:00:17,\VOLUME{01da9e5f51048727-8c5142ea}\WINDOWS\SYSTEM32\SIHOST.EXE
2024-05-04 18:49:29,\VOLUME{01da9e5f51048727-8c5142ea}\WINDOWS\SYSTEM32\SIHOST.EXE
2024-05-04 23:21:52,\VOLUME{01da9e5f51048727-8c5142ea}\WINDOWS\SYSTEM32\SLUI.EXE
2024-05-04 23:21:52,\VOLUME{01da9e5f51048727-8c5142ea}\WINDOWS\SYSTEM32\SLUI.EXE
2024-05-04 19:25:53,\VOLUME{01da9e5f51048727-8c5142ea}\WINDOWS\SYSTEM32\SLUI.EXE
2024-05-04 19:25:53,\VOLUME{01da9e5f51048727-8c5142ea}\WINDOWS\SYSTEM32\SLUI.EXE
2024-05-04 23:52:23,\VOLUME{01da9e5f51048727-8c5142ea}\WINDOWS\SYSTEM32\SMARTSCREEN.EXE
2024-05-04 23:37:04,\VOLUME{01da9e5f51048727-8c5142ea}\WINDOWS\SYSTEM32\SMARTSCREEN.EXE
2024-05-04 23:27:02,\VOLUME{01da9e5f51048727-8c5142ea}\WINDOWS\SYSTEM32\SMARTSCREEN.EXE
2024-05-04 22:48:46,\VOLUME{01da9e5f51048727-8c5142ea}\WINDOWS\SYSTEM32\SMARTSCREEN.EXE
2024-05-04 22:37:55,\VOLUME{01da9e5f51048727-8c5142ea}\WINDOWS\SYSTEM32\SMARTSCREEN.EXE
2024-05-04 21:28:59,\VOLUME{01da9e5f51048727-8c5142ea}\WINDOWS\SYSTEM32\SMARTSCREEN.EXE
2024-05-04 21:13:57,\VOLUME{01da9e5f51048727-8c5142ea}\WINDOWS\SYSTEM32\SMARTSCREEN.EXE
2024-05-04 20:52:27,\VOLUME{01da9e5f51048727-8c5142ea}\WINDOWS\SYSTEM32\SMARTSCREEN.EXE
2024-05-04 19:19:05,\VOLUME{01da9e5f51048727-8c5142ea}\WINDOWS\SYSTEM32\SMSS.EXE
2024-05-04 21:15:39,\VOLUME{01da9e5f51048727-8c5142ea}\PROGRAM FILES\LIBREOFFICE\PROGRAM\SOFFICE.BIN
2024-05-04 21:15:14,\VOLUME{01da9e5f51048727-8c5142ea}\PROGRAM FILES\LIBREOFFICE\PROGRAM\SOFFICE.BIN
2024-05-04 21:15:12,\VOLUME{01da9e5f51048727-8c5142ea}\PROGRAM FILES\LIBREOFFICE\PROGRAM\SOFFICE.EXE
2024-05-04 23:21:51,\VOLUME{01da9e5f51048727-8c5142ea}\WINDOWS\SYSTEM32\SPPEXTCOMOBJ.EXE
2024-05-04 19:25:53,\VOLUME{01da9e5f51048727-8c5142ea}\WINDOWS\SYSTEM32\SPPEXTCOMOBJ.EXE
2024-05-04 23:42:33,\VOLUME{01da9e5f51048727-8c5142ea}\WINDOWS\SYSTEM32\SPPSVC.EXE
2024-05-04 23:37:37,\VOLUME{01da9e5f51048727-8c5142ea}\WINDOWS\SYSTEM32\SPPSVC.EXE
2024-05-04 23:05:37,\VOLUME{01da9e5f51048727-8c5142ea}\WINDOWS\SYSTEM32\SPPSVC.EXE
2024-05-04 22:59:39,\VOLUME{01da9e5f51048727-8c5142ea}\WINDOWS\SYSTEM32\SPPSVC.EXE
2024-05-04 22:52:27,\VOLUME{01da9e5f51048727-8c5142ea}\WINDOWS\SYSTEM32\SPPSVC.EXE
2024-05-04 22:50:09,\VOLUME{01da9e5f51048727-8c5142ea}\WINDOWS\SYSTEM32\SPPSVC.EXE
2024-05-04 22:38:50,\VOLUME{01da9e5f51048727-8c5142ea}\WINDOWS\SYSTEM32\SPPSVC.EXE
2024-05-04 21:29:08,\VOLUME{01da9e5f51048727-8c5142ea}\WINDOWS\SYSTEM32\SPPSVC.EXE
2024-05-04 23:26:28,\VOLUME{01da9e5f51048727-8c5142ea}\WINDOWS\SYSTEMAPPS\MICROSOFT.WINDOWS.STARTMENUEXPERIENCEHOST_CW5N1H2TXYEWY\STARTMENUEXPERIENCEHOST.EXE
2024-05-04 23:21:31,\VOLUME{01da9e5f51048727-8c5142ea}\WINDOWS\SYSTEMAPPS\MICROSOFT.WINDOWS.STARTMENUEXPERIENCEHOST_CW5N1H2TXYEWY\STARTMENUEXPERIENCEHOST.EXE
2024-05-04 22:37:10,\VOLUME{01da9e5f51048727-8c5142ea}\WINDOWS\SYSTEMAPPS\MICROSOFT.WINDOWS.STARTMENUEXPERIENCEHOST_CW5N1H2TXYEWY\STARTMENUEXPERIENCEHOST.EXE
2024-05-04 19:22:15,\VOLUME{01da9e5f51048727-8c5142ea}\WINDOWS\SYSTEMAPPS\MICROSOFT.WINDOWS.STARTMENUEXPERIENCEHOST_CW5N1H2TXYEWY\STARTMENUEXPERIENCEHOST.EXE
2024-05-04 19:41:40,\VOLUME{01da9e5f51048727-8c5142ea}\WINDOWS\SYSTEM32\SVCHOST.EXE
2024-05-04 19:02:09,\VOLUME{01da9e5f51048727-8c5142ea}\WINDOWS\SYSTEM32\SVCHOST.EXE
2024-05-04 19:21:32,\VOLUME{01da9e5f51048727-8c5142ea}\WINDOWS\SYSTEM32\SVCHOST.EXE
2024-05-04 19:13:15,\VOLUME{01da9e5f51048727-8c5142ea}\WINDOWS\SYSTEM32\SVCHOST.EXE
2024-05-04 18:51:14,\VOLUME{01da9e5f51048727-8c5142ea}\WINDOWS\SYSTEM32\SVCHOST.EXE
2024-05-04 23:28:22,\VOLUME{01da9e5f51048727-8c5142ea}\WINDOWS\SYSTEM32\SVCHOST.EXE
2024-05-04 22:50:01,\VOLUME{01da9e5f51048727-8c5142ea}\WINDOWS\SYSTEM32\SVCHOST.EXE
2024-05-04 22:38:52,\VOLUME{01da9e5f51048727-8c5142ea}\WINDOWS\SYSTEM32\SVCHOST.EXE
2024-05-04 19:21:27,\VOLUME{01da9e5f51048727-8c5142ea}\WINDOWS\SYSTEM32\SVCHOST.EXE
2024-05-04 19:14:17,\VOLUME{01da9e5f51048727-8c5142ea}\WINDOWS\SYSTEM32\SVCHOST.EXE
2024-05-04 19:02:21,\VOLUME{01da9e5f51048727-8c5142ea}\WINDOWS\SYSTEM32\SVCHOST.EXE
2024-05-04 18:51:32,\VOLUME{01da9e5f51048727-8c5142ea}\WINDOWS\SYSTEM32\SVCHOST.EXE
2024-05-04 23:39:15,\VOLUME{01da9e5f51048727-8c5142ea}\WINDOWS\SYSTEM32\SVCHOST.EXE
2024-05-04 22:55:46,\VOLUME{01da9e5f51048727-8c5142ea}\WINDOWS\SYSTEM32\SVCHOST.EXE
2024-05-04 22:55:43,\VOLUME{01da9e5f51048727-8c5142ea}\WINDOWS\SYSTEM32\SVCHOST.EXE
2024-05-04 22:37:42,\VOLUME{01da9e5f51048727-8c5142ea}\WINDOWS\SYSTEM32\SVCHOST.EXE
2024-05-04 21:29:40,\VOLUME{01da9e5f51048727-8c5142ea}\WINDOWS\SYSTEM32\SVCHOST.EXE
2024-05-04 21:26:37,\VOLUME{01da9e5f51048727-8c5142ea}\WINDOWS\SYSTEM32\SVCHOST.EXE
2024-05-04 20:32:50,\VOLUME{01da9e5f51048727-8c5142ea}\WINDOWS\SYSTEM32\SVCHOST.EXE
2024-05-04 19:46:37,\VOLUME{01da9e5f51048727-8c5142ea}\WINDOWS\SYSTEM32\SVCHOST.EXE
2024-05-04 18:49:40,\VOLUME{01da9e5f51048727-8c5142ea}\WINDOWS\SYSTEM32\SVCHOST.EXE
2024-05-04 19:38:11,\VOLUME{01da9e5f51048727-8c5142ea}\WINDOWS\SYSTEM32\SVCHOST.EXE
2024-05-04 19:00:19,\VOLUME{01da9e5f51048727-8c5142ea}\WINDOWS\SYSTEM32\SVCHOST.EXE
2024-05-04 18:49:32,\VOLUME{01da9e5f51048727-8c5142ea}\WINDOWS\SYSTEM32\SVCHOST.EXE
2024-05-04 23:26:32,\VOLUME{01da9e5f51048727-8c5142ea}\WINDOWS\SYSTEM32\SVCHOST.EXE
2024-05-04 23:21:52,\VOLUME{01da9e5f51048727-8c5142ea}\WINDOWS\SYSTEM32\SVCHOST.EXE
2024-05-04 19:25:54,\VOLUME{01da9e5f51048727-8c5142ea}\WINDOWS\SYSTEM32\SVCHOST.EXE
2024-05-04 18:51:34,\VOLUME{01da9e5f51048727-8c5142ea}\WINDOWS\SYSTEM32\SVCHOST.EXE
2024-05-04 21:29:15,\VOLUME{01da9e5f51048727-8c5142ea}\WINDOWS\SYSTEM32\SVCHOST.EXE
2024-05-04 20:33:59,\VOLUME{01da9e5f51048727-8c5142ea}\WINDOWS\SYSTEM32\SVCHOST.EXE
2024-05-04 19:23:02,\VOLUME{01da9e5f51048727-8c5142ea}\WINDOWS\SYSTEM32\SVCHOST.EXE
2024-05-04 23:29:00,\VOLUME{01da9e5f51048727-8c5142ea}\WINDOWS\SYSTEM32\SVCHOST.EXE
2024-05-04 22:38:58,\VOLUME{01da9e5f51048727-8c5142ea}\WINDOWS\SYSTEM32\SVCHOST.EXE
2024-05-04 19:15:18,\VOLUME{01da9e5f51048727-8c5142ea}\WINDOWS\SYSTEM32\SVCHOST.EXE
2024-05-04 18:57:12,\VOLUME{01da9e5f51048727-8c5142ea}\WINDOWS\SYSTEM32\SVCHOST.EXE
2024-05-04 18:53:10,\VOLUME{01da9e5f51048727-8c5142ea}\WINDOWS\SYSTEM32\SVCHOST.EXE
2024-05-04 23:07:02,\VOLUME{01da9e5f51048727-8c5142ea}\WINDOWS\SYSTEM32\SVCHOST.EXE
2024-05-04 23:04:44,\VOLUME{01da9e5f51048727-8c5142ea}\WINDOWS\SYSTEM32\SVCHOST.EXE
2024-05-04 22:39:33,\VOLUME{01da9e5f51048727-8c5142ea}\WINDOWS\SYSTEM32\SVCHOST.EXE
2024-05-04 21:05:40,\VOLUME{01da9e5f51048727-8c5142ea}\WINDOWS\SYSTEM32\SVCHOST.EXE
2024-05-04 20:22:13,\VOLUME{01da9e5f51048727-8c5142ea}\WINDOWS\SYSTEM32\SVCHOST.EXE
2024-05-04 19:41:39,\VOLUME{01da9e5f51048727-8c5142ea}\WINDOWS\SYSTEM32\SVCHOST.EXE
2024-05-04 19:19:05,\VOLUME{01da9e5f51048727-8c5142ea}\WINDOWS\SYSTEM32\SVCHOST.EXE
2024-05-04 19:00:04,\VOLUME{01da9e5f51048727-8c5142ea}\WINDOWS\SYSTEM32\SVCHOST.EXE
2024-05-04 22:37:17,\VOLUME{01da9e5f51048727-8c5142ea}\WINDOWS\SYSTEM32\SVCHOST.EXE
2024-05-04 19:22:20,\VOLUME{01da9e5f51048727-8c5142ea}\WINDOWS\SYSTEM32\SVCHOST.EXE
2024-05-04 19:44:11,\VOLUME{01da9e5f51048727-8c5142ea}\WINDOWS\SYSTEM32\SVCHOST.EXE
2024-05-04 19:42:11,\VOLUME{01da9e5f51048727-8c5142ea}\WINDOWS\SYSTEM32\SVCHOST.EXE
2024-05-04 19:40:11,\VOLUME{01da9e5f51048727-8c5142ea}\WINDOWS\SYSTEM32\SVCHOST.EXE
2024-05-04 19:38:11,\VOLUME{01da9e5f51048727-8c5142ea}\WINDOWS\SYSTEM32\SVCHOST.EXE
2024-05-04 19:36:10,\VOLUME{01da9e5f51048727-8c5142ea}\WINDOWS\SYSTEM32\SVCHOST.EXE
2024-05-04 19:19:24,\VOLUME{01da9e5f51048727-8c5142ea}\WINDOWS\SYSTEM32\SVCHOST.EXE
2024-05-04 19:00:17,\VOLUME{01da9e5f51048727-8c5142ea}\WINDOWS\SYSTEM32\SVCHOST.EXE
2024-05-04 18:49:29,\VOLUME{01da9e5f51048727-8c5142ea}\WINDOWS\SYSTEM32\SVCHOST.EXE
2024-05-04 23:28:50,\VOLUME{01da9e5f51048727-8c5142ea}\WINDOWS\SYSTEM32\SVCHOST.EXE
2024-05-04 23:28:10,\VOLUME{01da9e5f51048727-8c5142ea}\WINDOWS\SYSTEM32\SVCHOST.EXE
2024-05-04 22:50:06,\VOLUME{01da9e5f51048727-8c5142ea}\WINDOWS\SYSTEM32\SVCHOST.EXE
2024-05-04 22:38:46,\VOLUME{01da9e5f51048727-8c5142ea}\WINDOWS\SYSTEM32\SVCHOST.EXE
2024-05-04 19:38:20,\VOLUME{01da9e5f51048727-8c5142ea}\WINDOWS\SYSTEM32\SVCHOST.EXE
2024-05-04 19:15:13,\VOLUME{01da9e5f51048727-8c5142ea}\WINDOWS\SYSTEM32\SVCHOST.EXE
2024-05-04 19:14:25,\VOLUME{01da9e5f51048727-8c5142ea}\WINDOWS\SYSTEM32\SVCHOST.EXE
2024-05-04 18:57:07,\VOLUME{01da9e5f51048727-8c5142ea}\WINDOWS\SYSTEM32\SVCHOST.EXE
2024-05-04 21:19:28,\VOLUME{01da9e5f51048727-8c5142ea}\WINDOWS\SYSTEM32\SVCHOST.EXE
2024-05-04 23:31:14,\VOLUME{01da9e5f51048727-8c5142ea}\WINDOWS\SYSTEM32\SVCHOST.EXE
2024-05-04 22:52:59,\VOLUME{01da9e5f51048727-8c5142ea}\WINDOWS\SYSTEM32\SVCHOST.EXE
2024-05-04 20:44:05,\VOLUME{01da9e5f51048727-8c5142ea}\WINDOWS\SYSTEM32\SVCHOST.EXE
2024-05-04 23:55:25,\VOLUME{01da9e5f51048727-8c5142ea}\WINDOWS\SYSTEM32\SVCHOST.EXE
2024-05-04 23:38:10,\VOLUME{01da9e5f51048727-8c5142ea}\WINDOWS\SYSTEM32\SVCHOST.EXE
2024-05-04 23:27:48,\VOLUME{01da9e5f51048727-8c5142ea}\WINDOWS\SYSTEM32\SVCHOST.EXE
2024-05-04 23:05:05,\VOLUME{01da9e5f51048727-8c5142ea}\WINDOWS\SYSTEM32\SVCHOST.EXE
2024-05-04 22:52:26,\VOLUME{01da9e5f51048727-8c5142ea}\WINDOWS\SYSTEM32\SVCHOST.EXE
2024-05-04 22:37:29,\VOLUME{01da9e5f51048727-8c5142ea}\WINDOWS\SYSTEM32\SVCHOST.EXE
2024-05-04 21:34:39,\VOLUME{01da9e5f51048727-8c5142ea}\WINDOWS\SYSTEM32\SVCHOST.EXE
2024-05-04 21:15:04,\VOLUME{01da9e5f51048727-8c5142ea}\WINDOWS\SYSTEM32\SVCHOST.EXE
2024-05-04 23:27:03,\VOLUME{01da9e5f51048727-8c5142ea}\WINDOWS\SYSTEM32\SVCHOST.EXE
2024-05-04 22:50:08,\VOLUME{01da9e5f51048727-8c5142ea}\WINDOWS\SYSTEM32\SVCHOST.EXE
2024-05-04 22:38:48,\VOLUME{01da9e5f51048727-8c5142ea}\WINDOWS\SYSTEM32\SVCHOST.EXE
2024-05-04 19:13:10,\VOLUME{01da9e5f51048727-8c5142ea}\WINDOWS\SYSTEM32\SVCHOST.EXE
2024-05-04 18:50:40,\VOLUME{01da9e5f51048727-8c5142ea}\WINDOWS\SYSTEM32\SVCHOST.EXE
2024-05-04 23:01:09,\VOLUME{01da9e5f51048727-8c5142ea}\WINDOWS\SYSTEM32\SVCHOST.EXE
2024-05-04 19:43:58,\VOLUME{01da9e5f51048727-8c5142ea}\WINDOWS\SYSTEM32\SVCHOST.EXE
2024-05-04 19:35:01,\VOLUME{01da9e5f51048727-8c5142ea}\WINDOWS\SYSTEM32\SVCHOST.EXE
2024-05-04 19:46:07,\VOLUME{01da9e5f51048727-8c5142ea}\WINDOWS\SYSTEM32\SVCHOST.EXE
2024-05-04 19:45:04,\VOLUME{01da9e5f51048727-8c5142ea}\WINDOWS\SYSTEM32\SVCHOST.EXE
2024-05-04 23:30:22,\VOLUME{01da9e5f51048727-8c5142ea}\WINDOWS\SYSTEM32\SVCHOST.EXE
2024-05-04 22:52:21,\VOLUME{01da9e5f51048727-8c5142ea}\WINDOWS\SYSTEM32\SVCHOST.EXE
2024-05-04 19:19:50,\VOLUME{01da9e5f51048727-8c5142ea}\WINDOWS\SYSTEM32\SVCHOST.EXE
2024-05-04 19:10:01,\VOLUME{01da9e5f51048727-8c5142ea}\WINDOWS\SYSTEM32\SVCHOST.EXE
2024-05-04 23:32:29,\VOLUME{01da9e5f51048727-8c5142ea}\WINDOWS\SYSTEM32\SVCHOST.EXE
2024-05-04 22:48:40,\VOLUME{01da9e5f51048727-8c5142ea}\WINDOWS\SYSTEM32\SVCHOST.EXE
2024-05-04 22:37:59,\VOLUME{01da9e5f51048727-8c5142ea}\WINDOWS\SYSTEM32\SVCHOST.EXE
2024-05-04 19:31:38,\VOLUME{01da9e5f51048727-8c5142ea}\WINDOWS\SYSTEM32\SVCHOST.EXE
2024-05-04 23:28:58,\VOLUME{01da9e5f51048727-8c5142ea}\WINDOWS\SYSTEM32\SVCHOST.EXE
2024-05-04 22:50:00,\VOLUME{01da9e5f51048727-8c5142ea}\WINDOWS\SYSTEM32\SVCHOST.EXE
2024-05-04 22:38:41,\VOLUME{01da9e5f51048727-8c5142ea}\WINDOWS\SYSTEM32\SVCHOST.EXE
2024-05-04 19:26:11,\VOLUME{01da9e5f51048727-8c5142ea}\WINDOWS\SYSTEM32\SVCHOST.EXE
2024-05-04 22:53:14,\VOLUME{01da9e5f51048727-8c5142ea}\WINDOWS\SYSTEM32\SVCHOST.EXE
2024-05-04 19:36:04,\VOLUME{01da9e5f51048727-8c5142ea}\WINDOWS\SYSTEM32\SVCHOST.EXE
2024-05-04 22:37:36,\VOLUME{01da9e5f51048727-8c5142ea}\WINDOWS\SYSTEM32\SVCHOST.EXE
2024-05-04 19:15:17,\VOLUME{01da9e5f51048727-8c5142ea}\WINDOWS\SYSTEM32\SVCHOST.EXE
2024-05-04 18:50:21,\VOLUME{01da9e5f51048727-8c5142ea}\WINDOWS\SYSTEM32\SVCHOST.EXE
2024-05-04 23:21:58,\VOLUME{01da9e5f51048727-8c5142ea}\WINDOWS\SYSTEM32\SVCHOST.EXE
2024-05-04 22:50:36,\VOLUME{01da9e5f51048727-8c5142ea}\WINDOWS\SYSTEM32\SVCHOST.EXE
2024-05-04 22:37:19,\VOLUME{01da9e5f51048727-8c5142ea}\WINDOWS\SYSTEM32\SVCHOST.EXE
2024-05-04 19:45:38,\VOLUME{01da9e5f51048727-8c5142ea}\WINDOWS\SYSTEM32\SVCHOST.EXE
2024-05-04 19:19:23,\VOLUME{01da9e5f51048727-8c5142ea}\WINDOWS\SYSTEM32\SVCHOST.EXE
2024-05-04 19:00:15,\VOLUME{01da9e5f51048727-8c5142ea}\WINDOWS\SYSTEM32\SVCHOST.EXE
2024-05-04 18:49:16,\VOLUME{01da9e5f51048727-8c5142ea}\WINDOWS\SYSTEM32\SVCHOST.EXE
2024-05-04 23:26:35,\VOLUME{01da9e5f51048727-8c5142ea}\WINDOWS\SYSTEM32\SVCHOST.EXE
2024-05-04 22:48:18,\VOLUME{01da9e5f51048727-8c5142ea}\WINDOWS\SYSTEM32\SVCHOST.EXE
2024-05-04 21:19:38,\VOLUME{01da9e5f51048727-8c5142ea}\WINDOWS\SYSTEM32\SVCHOST.EXE
2024-05-04 19:09:12,\VOLUME{01da9e5f51048727-8c5142ea}\WINDOWS\SYSTEM32\SVCHOST.EXE
2024-05-04 18:51:40,\VOLUME{01da9e5f51048727-8c5142ea}\WINDOWS\SYSTEM32\SVCHOST.EXE
2024-05-04 19:13:15,\VOLUME{01da9e5f51048727-8c5142ea}\WINDOWS\SYSTEM32\SVCHOST.EXE
2024-05-04 18:50:48,\VOLUME{01da9e5f51048727-8c5142ea}\WINDOWS\SYSTEM32\SVCHOST.EXE
2024-05-04 23:37:29,\VOLUME{01da9e5f51048727-8c5142ea}\WINDOWS\SYSTEM32\SVCHOST.EXE
2024-05-04 22:58:49,\VOLUME{01da9e5f51048727-8c5142ea}\WINDOWS\SYSTEM32\SVCHOST.EXE
2024-05-04 21:26:58,\VOLUME{01da9e5f51048727-8c5142ea}\WINDOWS\SYSTEM32\SVCHOST.EXE
2024-05-04 21:11:58,\VOLUME{01da9e5f51048727-8c5142ea}\WINDOWS\SYSTEM32\SVCHOST.EXE
2024-05-04 20:56:57,\VOLUME{01da9e5f51048727-8c5142ea}\WINDOWS\SYSTEM32\SVCHOST.EXE
2024-05-04 20:41:55,\VOLUME{01da9e5f51048727-8c5142ea}\WINDOWS\SYSTEM32\SVCHOST.EXE
2024-05-04 20:11:44,\VOLUME{01da9e5f51048727-8c5142ea}\WINDOWS\SYSTEM32\SVCHOST.EXE
2024-05-04 19:49:57,\VOLUME{01da9e5f51048727-8c5142ea}\WINDOWS\SYSTEM32\SVCHOST.EXE
2024-05-04 23:04:44,\VOLUME{01da9e5f51048727-8c5142ea}\WINDOWS\SYSTEM32\SVCHOST.EXE
2024-05-04 21:05:39,\VOLUME{01da9e5f51048727-8c5142ea}\WINDOWS\SYSTEM32\SVCHOST.EXE
2024-05-04 20:22:13,\VOLUME{01da9e5f51048727-8c5142ea}\WINDOWS\SYSTEM32\SVCHOST.EXE
2024-05-04 19:41:39,\VOLUME{01da9e5f51048727-8c5142ea}\WINDOWS\SYSTEM32\SVCHOST.EXE
2024-05-04 21:15:04,\VOLUME{01da9e5f51048727-8c5142ea}\WINDOWS\SYSTEM32\SVCHOST.EXE
2024-05-04 23:46:57,\VOLUME{01da9e5f51048727-8c5142ea}\WINDOWS\SYSTEM32\SVCHOST.EXE
2024-05-04 23:28:58,\VOLUME{01da9e5f51048727-8c5142ea}\WINDOWS\SYSTEM32\SVCHOST.EXE
2024-05-04 22:58:03,\VOLUME{01da9e5f51048727-8c5142ea}\WINDOWS\SYSTEM32\SVCHOST.EXE
2024-05-04 22:50:00,\VOLUME{01da9e5f51048727-8c5142ea}\WINDOWS\SYSTEM32\SVCHOST.EXE
2024-05-04 22:38:40,\VOLUME{01da9e5f51048727-8c5142ea}\WINDOWS\SYSTEM32\SVCHOST.EXE
2024-05-04 21:31:50,\VOLUME{01da9e5f51048727-8c5142ea}\WINDOWS\SYSTEM32\SVCHOST.EXE
2024-05-04 21:01:56,\VOLUME{01da9e5f51048727-8c5142ea}\WINDOWS\SYSTEM32\SVCHOST.EXE
2024-05-04 20:26:02,\VOLUME{01da9e5f51048727-8c5142ea}\WINDOWS\SYSTEM32\SVCHOST.EXE
2024-05-04 19:19:25,\VOLUME{01da9e5f51048727-8c5142ea}\WINDOWS\SYSTEM32\SVCHOST.EXE
2024-05-04 19:00:18,\VOLUME{01da9e5f51048727-8c5142ea}\WINDOWS\SYSTEM32\SVCHOST.EXE
2024-05-04 18:49:30,\VOLUME{01da9e5f51048727-8c5142ea}\WINDOWS\SYSTEM32\SVCHOST.EXE
2024-05-04 22:55:45,\VOLUME{01da9e5f51048727-8c5142ea}\WINDOWS\SYSTEM32\SVCHOST.EXE
2024-05-04 18:56:47,\VOLUME{01da9e5f51048727-8c5142ea}\WINDOWS\SYSTEM32\SVCHOST.EXE
2024-05-04 23:03:51,\VOLUME{01da9e5f51048727-8c5142ea}\WINDOWS\SYSTEM32\SVCHOST.EXE
2024-05-04 23:01:25,\VOLUME{01da9e5f51048727-8c5142ea}\WINDOWS\SYSTEM32\SVCHOST.EXE
2024-05-04 19:50:48,\VOLUME{01da9e5f51048727-8c5142ea}\WINDOWS\SYSTEM32\SVCHOST.EXE
2024-05-04 19:34:00,\VOLUME{01da9e5f51048727-8c5142ea}\WINDOWS\SYSTEM32\SVCHOST.EXE
2024-05-04 19:25:23,\VOLUME{01da9e5f51048727-8c5142ea}\WINDOWS\SYSTEM32\SVCHOST.EXE
2024-05-04 19:14:52,\VOLUME{01da9e5f51048727-8c5142ea}\WINDOWS\SYSTEM32\SVCHOST.EXE
2024-05-04 19:45:26,\VOLUME{01da9e5f51048727-8c5142ea}\WINDOWS\SYSTEM32\SVCHOST.EXE
2024-05-04 19:45:22,\VOLUME{01da9e5f51048727-8c5142ea}\WINDOWS\SYSTEM32\SVCHOST.EXE
2024-05-04 20:25:02,\VOLUME{01da9e5f51048727-8c5142ea}\WINDOWS\SYSTEM32\SVCHOST.EXE
2024-05-04 23:21:34,\VOLUME{01da9e5f51048727-8c5142ea}\WINDOWS\SYSTEM32\SVCHOST.EXE
2024-05-04 19:13:42,\VOLUME{01da9e5f51048727-8c5142ea}\WINDOWS\SYSTEM32\SVCHOST.EXE
2024-05-04 18:50:48,\VOLUME{01da9e5f51048727-8c5142ea}\WINDOWS\SYSTEM32\SVCHOST.EXE
2024-05-04 19:14:46,\VOLUME{01da9e5f51048727-8c5142ea}\WINDOWS\SYSTEM32\SVCHOST.EXE
2024-05-04 19:14:07,\VOLUME{01da9e5f51048727-8c5142ea}\WINDOWS\SYSTEM32\SVCHOST.EXE
2024-05-04 19:02:40,\VOLUME{01da9e5f51048727-8c5142ea}\WINDOWS\SYSTEM32\SVCHOST.EXE
2024-05-04 23:21:52,\VOLUME{01da9e5f51048727-8c5142ea}\WINDOWS\SYSTEM32\SVCHOST.EXE
2024-05-04 21:32:46,\VOLUME{01da9e5f51048727-8c5142ea}\WINDOWS\SYSTEM32\SVCHOST.EXE
2024-05-04 19:45:29,\VOLUME{01da9e5f51048727-8c5142ea}\WINDOWS\SYSTEM32\SVCHOST.EXE
2024-05-04 22:50:12,\VOLUME{01da9e5f51048727-8c5142ea}\WINDOWS\SYSTEM32\SVCHOST.EXE
2024-05-04 22:38:51,\VOLUME{01da9e5f51048727-8c5142ea}\WINDOWS\SYSTEM32\SVCHOST.EXE
2024-05-04 19:15:17,\VOLUME{01da9e5f51048727-8c5142ea}\WINDOWS\SYSTEM32\SVCHOST.EXE
2024-05-04 18:57:09,\VOLUME{01da9e5f51048727-8c5142ea}\WINDOWS\SYSTEM32\SVCHOST.EXE
2024-05-04 19:19:23,\VOLUME{01da9e5f51048727-8c5142ea}\WINDOWS\SYSTEM32\SVCHOST.EXE
2024-05-04 19:00:15,\VOLUME{01da9e5f51048727-8c5142ea}\WINDOWS\SYSTEM32\SVCHOST.EXE
2024-05-04 19:38:13,\VOLUME{01da9e5f51048727-8c5142ea}\WINDOWS\SYSTEM32\SVCHOST.EXE
2024-05-04 19:17:28,\VOLUME{01da9e5f51048727-8c5142ea}\WINDOWS\SYSTEM32\SVCHOST.EXE
2024-05-04 22:55:42,\VOLUME{01da9e5f51048727-8c5142ea}\WINDOWS\SYSTEM32\SVCHOST.EXE
2024-05-04 23:47:04,\VOLUME{01da9e5f51048727-8c5142ea}\WINDOWS\SYSTEM32\SVCHOST.EXE
2024-05-04 23:04:44,\VOLUME{01da9e5f51048727-8c5142ea}\WINDOWS\SYSTEM32\SVCHOST.EXE
2024-05-04 21:32:03,\VOLUME{01da9e5f51048727-8c5142ea}\WINDOWS\SYSTEM32\SVCHOST.EXE
2024-05-04 21:02:15,\VOLUME{01da9e5f51048727-8c5142ea}\WINDOWS\SYSTEM32\SVCHOST.EXE
2024-05-04 20:46:19,\VOLUME{01da9e5f51048727-8c5142ea}\WINDOWS\SYSTEM32\SVCHOST.EXE
2024-05-04 20:39:39,\VOLUME{01da9e5f51048727-8c5142ea}\WINDOWS\SYSTEM32\SVCHOST.EXE
2024-05-04 20:17:24,\VOLUME{01da9e5f51048727-8c5142ea}\WINDOWS\SYSTEM32\SVCHOST.EXE
2024-05-04 20:06:48,\VOLUME{01da9e5f51048727-8c5142ea}\WINDOWS\SYSTEM32\SVCHOST.EXE
2024-05-04 18:49:16,\VOLUME{01da9e5f51048727-8c5142ea}\WINDOWS\SYSTEM32\SVCHOST.EXE
2024-05-04 21:30:55,\VOLUME{01da9e5f51048727-8c5142ea}\WINDOWS\SYSTEM32\SVCHOST.EXE
2024-05-04 23:28:42,\VOLUME{01da9e5f51048727-8c5142ea}\WINDOWS\SYSTEM32\SVCHOST.EXE
2024-05-04 22:50:06,\VOLUME{01da9e5f51048727-8c5142ea}\WINDOWS\SYSTEM32\SVCHOST.EXE
2024-05-04 22:38:56,\VOLUME{01da9e5f51048727-8c5142ea}\WINDOWS\SYSTEM32\SVCHOST.EXE
2024-05-04 22:37:10,\VOLUME{01da9e5f51048727-8c5142ea}\WINDOWS\SYSTEM32\SVCHOST.EXE
2024-05-04 19:14:53,\VOLUME{01da9e5f51048727-8c5142ea}\WINDOWS\SYSTEM32\SVCHOST.EXE
2024-05-04 19:05:16,\VOLUME{01da9e5f51048727-8c5142ea}\WINDOWS\SYSTEM32\SVCHOST.EXE
2024-05-04 18:49:18,\VOLUME{01da9e5f51048727-8c5142ea}\WINDOWS\SYSTEM32\SVCHOST.EXE
2024-05-04 19:19:26,\VOLUME{01da9e5f51048727-8c5142ea}\WINDOWS\SYSTEM32\SVCHOST.EXE
2024-05-04 19:00:19,\VOLUME{01da9e5f51048727-8c5142ea}\WINDOWS\SYSTEM32\SVCHOST.EXE
2024-05-04 18:49:31,\VOLUME{01da9e5f51048727-8c5142ea}\WINDOWS\SYSTEM32\SVCHOST.EXE
2024-05-04 22:55:42,\VOLUME{01da9e5f51048727-8c5142ea}\WINDOWS\SYSTEM32\SVCHOST.EXE
2024-05-04 23:27:46,\VOLUME{01da9e5f51048727-8c5142ea}\WINDOWS\SYSTEM32\SVCHOST.EXE
2024-05-04 19:20:41,\VOLUME{01da9e5f51048727-8c5142ea}\WINDOWS\SYSTEM32\SVCHOST.EXE
2024-05-04 18:51:20,\VOLUME{01da9e5f51048727-8c5142ea}\WINDOWS\SYSTEM32\SVCHOST.EXE
2024-05-04 23:26:57,\VOLUME{01da9e5f51048727-8c5142ea}\WINDOWS\SYSTEM32\SVCHOST.EXE
2024-05-04 23:21:56,\VOLUME{01da9e5f51048727-8c5142ea}\WINDOWS\SYSTEM32\SVCHOST.EXE
2024-05-04 22:48:45,\VOLUME{01da9e5f51048727-8c5142ea}\WINDOWS\SYSTEM32\SVCHOST.EXE
2024-05-04 19:13:40,\VOLUME{01da9e5f51048727-8c5142ea}\WINDOWS\SYSTEM32\SVCHOST.EXE
2024-05-04 18:53:07,\VOLUME{01da9e5f51048727-8c5142ea}\WINDOWS\SYSTEM32\SVCHOST.EXE
2024-05-04 18:50:29,\VOLUME{01da9e5f51048727-8c5142ea}\WINDOWS\SYSTEM32\SVCHOST.EXE
2024-05-04 19:47:22,\VOLUME{01da9e5f51048727-8c5142ea}\WINDOWS\IMMERSIVECONTROLPANEL\SYSTEMSETTINGS.EXE
2024-05-04 19:44:41,\VOLUME{01da9e5f51048727-8c5142ea}\WINDOWS\IMMERSIVECONTROLPANEL\SYSTEMSETTINGS.EXE
2024-05-04 23:41:20,\VOLUME{01da9e5f51048727-8c5142ea}\WINDOWS\SYSTEM32\TASKHOSTW.EXE
2024-05-04 23:37:26,\VOLUME{01da9e5f51048727-8c5142ea}\WINDOWS\SYSTEM32\TASKHOSTW.EXE
2024-05-04 23:31:18,\VOLUME{01da9e5f51048727-8c5142ea}\WINDOWS\SYSTEM32\TASKHOSTW.EXE
2024-05-04 23:27:28,\VOLUME{01da9e5f51048727-8c5142ea}\WINDOWS\SYSTEM32\TASKHOSTW.EXE
2024-05-04 23:01:05,\VOLUME{01da9e5f51048727-8c5142ea}\WINDOWS\SYSTEM32\TASKHOSTW.EXE
2024-05-04 22:58:48,\VOLUME{01da9e5f51048727-8c5142ea}\WINDOWS\SYSTEM32\TASKHOSTW.EXE
2024-05-04 22:51:08,\VOLUME{01da9e5f51048727-8c5142ea}\WINDOWS\SYSTEM32\TASKHOSTW.EXE
2024-05-04 22:49:16,\VOLUME{01da9e5f51048727-8c5142ea}\WINDOWS\SYSTEM32\TASKHOSTW.EXE
2024-05-04 22:48:43,\VOLUME{01da9e5f51048727-8c5142ea}\WINDOWS\SYSTEM32\TASKKILL.EXE
2024-05-04 23:03:04,\VOLUME{01da9e5f51048727-8c5142ea}\WINDOWS\WINSXS\AMD64_MICROSOFT-WINDOWS-SERVICINGSTACK_31BF3856AD364E35_10.0.22621.2567_NONE_E93FB1D442E4B410\TIWORKER.EXE
2024-05-04 22:58:25,\VOLUME{01da9e5f51048727-8c5142ea}\WINDOWS\WINSXS\AMD64_MICROSOFT-WINDOWS-SERVICINGSTACK_31BF3856AD364E35_10.0.22621.2567_NONE_E93FB1D442E4B410\TIWORKER.EXE
2024-05-04 21:29:14,\VOLUME{01da9e5f51048727-8c5142ea}\WINDOWS\WINSXS\AMD64_MICROSOFT-WINDOWS-SERVICINGSTACK_31BF3856AD364E35_10.0.22621.2567_NONE_E93FB1D442E4B410\TIWORKER.EXE
2024-05-04 21:19:30,\VOLUME{01da9e5f51048727-8c5142ea}\WINDOWS\WINSXS\AMD64_MICROSOFT-WINDOWS-SERVICINGSTACK_31BF3856AD364E35_10.0.22621.2567_NONE_E93FB1D442E4B410\TIWORKER.EXE
2024-05-04 19:34:29,\VOLUME{01da9e5f51048727-8c5142ea}\WINDOWS\WINSXS\AMD64_MICROSOFT-WINDOWS-SERVICINGSTACK_31BF3856AD364E35_10.0.22621.2567_NONE_E93FB1D442E4B410\TIWORKER.EXE
2024-05-04 19:09:35,\VOLUME{01da9e5f51048727-8c5142ea}\WINDOWS\WINSXS\AMD64_MICROSOFT-WINDOWS-SERVICINGSTACK_31BF3856AD364E35_10.0.22621.2567_NONE_E93FB1D442E4B410\TIWORKER.EXE
2024-05-04 18:49:01,\VOLUME{01da9e5f51048727-8c5142ea}\WINDOWS\WINSXS\AMD64_MICROSOFT-WINDOWS-SERVICINGSTACK_31BF3856AD364E35_10.0.22621.2567_NONE_E93FB1D442E4B410\TIWORKER.EXE
2024-05-04 23:27:56,\VOLUME{01da9e5f51048727-8c5142ea}\WINDOWS\SERVICING\TRUSTEDINSTALLER.EXE
2024-05-04 23:06:00,\VOLUME{01da9e5f51048727-8c5142ea}\WINDOWS\SERVICING\TRUSTEDINSTALLER.EXE
2024-05-04 23:03:04,\VOLUME{01da9e5f51048727-8c5142ea}\WINDOWS\SERVICING\TRUSTEDINSTALLER.EXE
2024-05-04 22:58:25,\VOLUME{01da9e5f51048727-8c5142ea}\WINDOWS\SERVICING\TRUSTEDINSTALLER.EXE
2024-05-04 21:29:14,\VOLUME{01da9e5f51048727-8c5142ea}\WINDOWS\SERVICING\TRUSTEDINSTALLER.EXE
2024-05-04 21:19:30,\VOLUME{01da9e5f51048727-8c5142ea}\WINDOWS\SERVICING\TRUSTEDINSTALLER.EXE
2024-05-04 19:34:28,\VOLUME{01da9e5f51048727-8c5142ea}\WINDOWS\SERVICING\TRUSTEDINSTALLER.EXE
2024-05-04 19:13:33,\VOLUME{01da9e5f51048727-8c5142ea}\WINDOWS\SERVICING\TRUSTEDINSTALLER.EXE
2024-05-04 19:20:33,\VOLUME{01da9e5f51048727-8c5142ea}\WINDOWS\SYSTEM32\UNREGMP2.EXE
2024-05-04 19:20:00,\VOLUME{01da9e5f51048727-8c5142ea}\WINDOWS\SYSTEM32\UNREGMP2.EXE
2024-05-04 23:29:09,\VOLUME{01da9e5f51048727-8c5142ea}\WINDOWS\SYSTEM32\WBEM\UNSECAPP.EXE
2024-05-04 22:50:13,\VOLUME{01da9e5f51048727-8c5142ea}\WINDOWS\SYSTEM32\WBEM\UNSECAPP.EXE
2024-05-04 21:09:35,\VOLUME{01da9e5f51048727-8c5142ea}\PROGRAM FILES\LIBREOFFICE\PROGRAM\UPDATE_SERVICE.EXE
2024-05-04 19:19:30,\VOLUME{01da9e5f51048727-8c5142ea}\WINDOWS\SYSTEM32\USERINIT.EXE
2024-05-04 19:00:29,\VOLUME{01da9e5f51048727-8c5142ea}\WINDOWS\SYSTEM32\USERINIT.EXE
2024-05-04 18:49:48,\VOLUME{01da9e5f51048727-8c5142ea}\WINDOWS\SYSTEM32\USERINIT.EXE
2024-05-04 22:55:51,\VOLUME{01da9e5f51048727-8c5142ea}\WINDOWS\SYSTEM32\OOBE\USEROOBEBROKER.EXE
2024-05-04 19:17:22,\VOLUME{01da9e5f51048727-8c5142ea}\WINDOWS\SYSTEM32\OOBE\USEROOBEBROKER.EXE
2024-05-04 21:09:49,\VOLUME{01da9e5f51048727-8c5142ea}\WINDOWS\SYSTEM32\USOCLIENT.EXE
2024-05-04 20:39:39,\VOLUME{01da9e5f51048727-8c5142ea}\WINDOWS\SYSTEM32\USOCLIENT.EXE
2024-05-04 20:17:22,\VOLUME{01da9e5f51048727-8c5142ea}\WINDOWS\SYSTEM32\USOCLIENT.EXE
2024-05-04 20:09:26,\VOLUME{01da9e5f51048727-8c5142ea}\WINDOWS\SYSTEM32\USOCLIENT.EXE
2024-05-04 20:06:46,\VOLUME{01da9e5f51048727-8c5142ea}\WINDOWS\SYSTEM32\USOCLIENT.EXE
2024-05-04 19:54:20,\VOLUME{01da9e5f51048727-8c5142ea}\WINDOWS\SYSTEM32\USOCLIENT.EXE
2024-05-04 19:44:19,\VOLUME{01da9e5f51048727-8c5142ea}\WINDOWS\SYSTEM32\USOCLIENT.EXE
2024-05-04 19:44:11,\VOLUME{01da9e5f51048727-8c5142ea}\WINDOWS\SYSTEM32\USOCLIENT.EXE
2024-05-04 19:43:54,\VOLUME{01da9e5f51048727-8c5142ea}\WINDOWS\SYSTEM32\VDS.EXE
2024-05-04 19:45:04,\VOLUME{01da9e5f51048727-8c5142ea}\WINDOWS\SYSTEM32\VDSLDR.EXE
2024-05-04 19:43:54,\VOLUME{01da9e5f51048727-8c5142ea}\WINDOWS\SYSTEM32\VDSLDR.EXE
2024-05-04 19:29:08,\VOLUME{01da9e5f51048727-8c5142ea}\WINDOWS\SYSTEM32\VERCLSID.EXE
2024-05-04 19:35:01,\VOLUME{01da9e5f51048727-8c5142ea}\WINDOWS\SYSTEM32\VSSVC.EXE
2024-05-04 19:46:09,\VOLUME{01da9e5f51048727-8c5142ea}\WINDOWS\SYSTEM32\WERFAULT.EXE
2024-05-04 19:25:15,\VOLUME{01da9e5f51048727-8c5142ea}\WINDOWS\SYSWOW64\WERMGR.EXE
2024-05-04 18:52:55,\VOLUME{01da9e5f51048727-8c5142ea}\WINDOWS\SYSTEM32\WERMGR.EXE
2024-05-04 23:26:31,\VOLUME{01da9e5f51048727-8c5142ea}\WINDOWS\SYSTEM32\WEVTUTIL.EXE
2024-05-04 23:26:28,\VOLUME{01da9e5f51048727-8c5142ea}\WINDOWS\SYSTEM32\WEVTUTIL.EXE
2024-05-04 23:21:50,\VOLUME{01da9e5f51048727-8c5142ea}\WINDOWS\SYSTEM32\WEVTUTIL.EXE
2024-05-04 23:21:45,\VOLUME{01da9e5f51048727-8c5142ea}\WINDOWS\SYSTEM32\WEVTUTIL.EXE
2024-05-04 23:21:41,\VOLUME{01da9e5f51048727-8c5142ea}\WINDOWS\SYSTEM32\WEVTUTIL.EXE
2024-05-04 23:21:39,\VOLUME{01da9e5f51048727-8c5142ea}\WINDOWS\SYSTEM32\WEVTUTIL.EXE
2024-05-04 23:21:38,\VOLUME{01da9e5f51048727-8c5142ea}\WINDOWS\SYSTEM32\WEVTUTIL.EXE
2024-05-04 23:21:37,\VOLUME{01da9e5f51048727-8c5142ea}\WINDOWS\SYSTEM32\WEVTUTIL.EXE
2024-05-04 22:55:09,\VOLUME{01da9e5f51048727-8c5142ea}\WINDOWS\SYSTEM32\WHOAMI.EXE
2024-05-04 23:26:29,\VOLUME{01da9e5f51048727-8c5142ea}\PROGRAM FILES\WINDOWSAPPS\MICROSOFTWINDOWS.CLIENT.WEBEXPERIENCE_421.20070.195.0_X64__CW5N1H2TXYEWY\DASHBOARD\WIDGETS.EXE
2024-05-04 23:21:34,\VOLUME{01da9e5f51048727-8c5142ea}\PROGRAM FILES\WINDOWSAPPS\MICROSOFTWINDOWS.CLIENT.WEBEXPERIENCE_421.20070.195.0_X64__CW5N1H2TXYEWY\DASHBOARD\WIDGETS.EXE
2024-05-04 22:37:15,\VOLUME{01da9e5f51048727-8c5142ea}\PROGRAM FILES\WINDOWSAPPS\MICROSOFTWINDOWS.CLIENT.WEBEXPERIENCE_421.20070.195.0_X64__CW5N1H2TXYEWY\DASHBOARD\WIDGETS.EXE
2024-05-04 19:30:00,\VOLUME{01da9e5f51048727-8c5142ea}\PROGRAM FILES\WINDOWSAPPS\MICROSOFTWINDOWS.CLIENT.WEBEXPERIENCE_421.20070.195.0_X64__CW5N1H2TXYEWY\DASHBOARD\WIDGETS.EXE
2024-05-04 19:22:18,\VOLUME{01da9e5f51048727-8c5142ea}\PROGRAM FILES\WINDOWSAPPS\MICROSOFTWINDOWS.CLIENT.WEBEXPERIENCE_421.20070.195.0_X64__CW5N1H2TXYEWY\DASHBOARD\WIDGETS.EXE
2024-05-04 19:13:27,\VOLUME{01da9e5f51048727-8c5142ea}\PROGRAM FILES\WINDOWSAPPS\MICROSOFTWINDOWS.CLIENT.WEBEXPERIENCE_421.20070.195.0_X64__CW5N1H2TXYEWY\DASHBOARD\WIDGETS.EXE
2024-05-04 19:01:50,\VOLUME{01da9e5f51048727-8c5142ea}\PROGRAM FILES\WINDOWSAPPS\MICROSOFTWINDOWS.CLIENT.WEBEXPERIENCE_421.20070.195.0_X64__CW5N1H2TXYEWY\DASHBOARD\WIDGETS.EXE
2024-05-04 18:52:05,\VOLUME{01da9e5f51048727-8c5142ea}\PROGRAM FILES\WINDOWSAPPS\MICROSOFTWINDOWS.CLIENT.WEBEXPERIENCE_421.20070.195.0_X64__CW5N1H2TXYEWY\DASHBOARD\WIDGETS.EXE
2024-05-04 23:55:49,\VOLUME{01da9e5f51048727-8c5142ea}\PROGRAM FILES\WINDOWSAPPS\MICROSOFT.WINDOWSTERMINAL_1.12.10983.0_X64__8WEKYB3D8BBWE\WINDOWSTERMINAL.EXE
2024-05-04 23:38:22,\VOLUME{01da9e5f51048727-8c5142ea}\PROGRAM FILES\WINDOWSAPPS\MICROSOFT.WINDOWSTERMINAL_1.12.10983.0_X64__8WEKYB3D8BBWE\WINDOWSTERMINAL.EXE
2024-05-04 19:19:06,\VOLUME{01da9e5f51048727-8c5142ea}\WINDOWS\SYSTEM32\WINLOGON.EXE
2024-05-04 19:45:33,\VOLUME{01da9e5f51048727-8c5142ea}\PROGRAM FILES\WINDOWSAPPS\MICROSOFT.WINDOWSSTORE_22204.1400.4.0_X64__8WEKYB3D8BBWE\WINSTORE.APP.EXE
2024-05-04 23:26:51,\VOLUME{01da9e5f51048727-8c5142ea}\WINDOWS\SYSTEM32\WLRMDR.EXE
2024-05-04 23:21:32,\VOLUME{01da9e5f51048727-8c5142ea}\WINDOWS\SYSTEM32\WLRMDR.EXE
2024-05-04 22:48:39,\VOLUME{01da9e5f51048727-8c5142ea}\WINDOWS\SYSTEM32\WLRMDR.EXE
2024-05-04 22:37:50,\VOLUME{01da9e5f51048727-8c5142ea}\WINDOWS\SYSTEM32\WLRMDR.EXE
2024-05-04 19:20:00,\VOLUME{01da9e5f51048727-8c5142ea}\WINDOWS\SYSTEM32\WLRMDR.EXE
2024-05-04 19:13:15,\VOLUME{01da9e5f51048727-8c5142ea}\WINDOWS\SYSTEM32\WLRMDR.EXE
2024-05-04 18:50:18,\VOLUME{01da9e5f51048727-8c5142ea}\WINDOWS\SYSTEM32\WLRMDR.EXE
2024-05-04 23:30:08,\VOLUME{01da9e5f51048727-8c5142ea}\WINDOWS\SYSTEM32\WBEM\WMIADAP.EXE
2024-05-04 22:51:57,\VOLUME{01da9e5f51048727-8c5142ea}\WINDOWS\SYSTEM32\WBEM\WMIADAP.EXE
2024-05-04 19:16:25,\VOLUME{01da9e5f51048727-8c5142ea}\WINDOWS\SYSTEM32\WBEM\WMIADAP.EXE
2024-05-04 18:59:03,\VOLUME{01da9e5f51048727-8c5142ea}\WINDOWS\SYSTEM32\WBEM\WMIADAP.EXE
2024-05-04 18:51:47,\VOLUME{01da9e5f51048727-8c5142ea}\WINDOWS\SYSTEM32\WBEM\WMIADAP.EXE
2024-05-04 23:39:14,\VOLUME{01da9e5f51048727-8c5142ea}\WINDOWS\SYSTEM32\WBEM\WMIPRVSE.EXE
2024-05-04 23:29:10,\VOLUME{01da9e5f51048727-8c5142ea}\WINDOWS\SYSTEM32\WBEM\WMIPRVSE.EXE
2024-05-04 23:21:54,\VOLUME{01da9e5f51048727-8c5142ea}\WINDOWS\SYSTEM32\WBEM\WMIPRVSE.EXE
2024-05-04 22:51:58,\VOLUME{01da9e5f51048727-8c5142ea}\WINDOWS\SYSTEM32\WBEM\WMIPRVSE.EXE
2024-05-04 22:37:42,\VOLUME{01da9e5f51048727-8c5142ea}\WINDOWS\SYSTEM32\WBEM\WMIPRVSE.EXE
2024-05-04 21:26:37,\VOLUME{01da9e5f51048727-8c5142ea}\WINDOWS\SYSTEM32\WBEM\WMIPRVSE.EXE
2024-05-04 20:32:49,\VOLUME{01da9e5f51048727-8c5142ea}\WINDOWS\SYSTEM32\WBEM\WMIPRVSE.EXE
2024-05-04 19:53:18,\VOLUME{01da9e5f51048727-8c5142ea}\WINDOWS\SYSTEM32\WBEM\WMIPRVSE.EXE
2024-05-04 23:55:51,\VOLUME{01da9e5f51048727-8c5142ea}\WINDOWS\SYSTEM32\WSL.EXE
2024-05-04 23:38:24,\VOLUME{01da9e5f51048727-8c5142ea}\WINDOWS\SYSTEM32\WSL.EXE
2024-05-04 23:39:57,\VOLUME{01da9e5f51048727-8c5142ea}\WINDOWS\UUS\PACKAGES\PREVIEW\AMD64\WUAUCLTCORE.EXE
2024-05-04 21:27:25,\VOLUME{01da9e5f51048727-8c5142ea}\WINDOWS\UUS\PACKAGES\PREVIEW\AMD64\WUAUCLTCORE.EXE
2024-05-04 19:13:26,\VOLUME{01da9e5f51048727-8c5142ea}\WINDOWS\SYSTEM32\WWAHOST.EXE
2024-05-04 19:01:24,\VOLUME{01da9e5f51048727-8c5142ea}\WINDOWS\SYSTEM32\WWAHOST.EXE
2024-05-04 18:51:40,\VOLUME{01da9e5f51048727-8c5142ea}\WINDOWS\SYSTEM32\WWAHOST.EXE
